0.00000,0.07592,0.00000,0.16344,0.09448,0.20773,0.13309,0.22246,0.16940,0.29695,0.24124,0.27092,0.30042,0.36661,0.31415,0.46868,0.37855,0.50751,0.35396,0.56867,0.28781,0.60069,0.36745,0.67670,0.34761,0.64493,0.36074,0.75430,0.37364,0.78877,0.43335,0.89420,0.54180,1.01628,0.58429,1.08058,0.63903,1.09024,0.68936,1.08156,0.73987,1.02399,0.85295,1.09837,0.96307,1.15054,1.01367,1.20528,0.98268,1.18325,1.08174,1.22171,1.17375,1.26765,1.24096,1.25356,1.19950,1.18724,1.21240,1.25849,1.21704,1.24239,1.25466,1.33223,1.29015,1.34806,1.38834,1.29781,1.46696,1.37143,1.46343,1.41425,1.49202,1.43823,1.46579,1.46512,1.47097,1.44931,1.43071,1.53744,1.45882,1.50560,1.57246,1.57143,1.65273,1.55605,1.69527,1.56882,1.73288,1.56866,1.75484,1.65763,1.78651,1.66875,1.71908,1.62706,1.74349,1.64602,1.73324,1.68497,1.71054,1.73257,1.78228,1.76875,1.76235,1.86811,1.80622,1.81985,1.83707,1.81425,1.84314,1.87307,1.87884,1.90619,1.84148,1.88160,1.79961,1.91275,1.75997,1.95273
0.00000,0.20000,0.00000,0.40000,0.20000,0.57480,0.36854,0.71946,0.53420,0.91946,0.73420,1.02217,0.92147,1.22217,1.06260,1.42217,1.25369,1.58769,1.35504,1.77478,1.41404,1.93195,1.61404,2.13195,1.71764,2.22362,1.85329,2.42362,1.98772,2.57962,2.16793,2.77962,2.36793,2.97962,2.52865,3.16215,2.70038,3.28880,2.86638,3.39579,3.02060,3.44901,3.19712,3.61467,3.35653,3.74568,3.47344,3.86559,3.52481,3.92292,3.65242,4.01622,3.76797,4.10492,3.85901,4.15272,3.88865,4.17001,3.94395,4.25363,3.99042,4.29075,4.04865,4.37143,4.10038,4.41538,4.17160,4.43153,4.23151,4.48968,4.25914,4.53214,4.29443,4.56603,4.31139,4.59813,4.33560,4.61661,4.34651,4.66116,4.37313,4.67291,4.41891,4.70728,4.45278,4.72025,4.47647,4.73779,4.49742,4.75133,4.51409,4.78058,4.53080,4.79367,4.52930,4.79651,4.54288,4.80917,4.54966,4.82392,4.55361,4.83888,4.57119,4.85106,4.57396,4.87106,4.58473,4.86904,4.59285,4.87219,4.59679,4.88319,4.60374,4.88980,4.60049,4.88817,4.59590,4.89291,4.59083,4.89802
0.00000,0.20000,0.00000,0.40000,0.20000,0.60000,0.40000,0.80000,0.60000,1.00000,0.80000,1.18528,1.00000,1.38528,1.20000,1.58528,1.40000,1.78528,1.57621,1.98528,1.70867,2.18528,1.90867,2.38528,2.08258,2.55114,2.28258,2.75114,2.48258,2.95114,2.68258,3.15114,2.88258,3.35114,3.07089,3.53946,3.24037,3.70141,3.39328,3.83054,3.53209,3.91088,3.65994,4.03873,3.77501,4.15380,3.87857,4.25736,3.93640,4.32091,4.02353,4.40638,4.10204,4.48489,4.17269,4.53295,4.20511,4.55824,4.25290,4.62007,4.29283,4.65491,4.33854,4.70753,4.37849,4.74337,4.42239,4.76117,4.46321,4.80199,4.48515,4.83284,4.51051,4.85779,4.52476,4.88075,4.54234,4.89553,4.55225,4.92364,4.56992,4.93371,4.59474,4.95525,4.61508,4.96505,4.62971,4.97675,4.64253,4.98603,4.65290,5.00279,4.66307,5.01132,4.66401,5.01466,4.67274,5.02307,4.67797,5.03275,4.68166,5.04280,4.69349,5.05153,4.69644,5.06522,4.70472,5.06506,4.71101,5.06810,4.71440,5.07621,4.71983,5.08140,4.71791,5.08063,4.71485,5.08420,4.71119,5.08789
0.00000,0.20000,0.00000,0.40000,0.20000,0.60000,0.40000,0.80000,0.60000,1.00000,0.80000,1.20000,1.00000,1.40000,1.20000,1.60000,1.40000,1.80000,1.60000,2.00000,1.77011,2.20000,1.96915,2.40000,2.16740,2.60000,2.36414,2.80000,2.55914,3.00000,2.75148,3.20000,2.94091,3.40000,3.11516,3.58295,3.27326,3.74805,3.41660,3.89698,3.54640,4.03130,3.66403,4.15242,3.77057,4.26160,3.86701,4.35999,3.92778,4.44864,4.00795,4.52982,4.08038,4.60293,4.14581,4.66876,4.17984,4.71582,4.22694,4.77104,4.26648,4.82114,4.31007,4.86676,4.34826,4.90792,4.38545,4.93630,4.41936,4.97021,4.44054,5.00073,4.46421,5.02874,4.47986,5.05697,4.49995,5.08062,4.51343,5.10965,4.53692,5.13044,4.56660,5.16011,4.59628,5.18162,4.62050,5.20596,4.64352,5.22749,4.66395,5.25669,4.68553,5.27816,4.69137,5.29068,4.71059,5.31155,4.72379,5.33421,4.73440,5.35726,4.75910,5.37766,4.76821,5.40597,4.78637,5.41004,4.80050,5.41885,4.80904,5.43569,4.82061,5.44684,4.81875,5.44698,4.81420,5.45390,4.80786,5.46029
0.00000,0.20000,0.00000,0.40000,0.18968,0.60000,0.37399,0.80000,0.55262,1.00000,0.72479,1.20000,0.89019,1.40000,1.04858,1.60000,1.19922,1.80000,1.34198,2.00000,1.44693,2.20000,1.57294,2.40000,1.69042,2.60000,1.79885,2.80000,1.89832,3.00000,1.98831,3.20000,2.06902,3.40000,2.14803,3.60000,2.22656,3.80000,2.30927,3.99867,2.39184,4.18328,2.47517,4.35452,2.55875,4.51304,2.64252,4.65945,2.68610,4.79435,2.77144,4.92033,2.85681,5.03574,2.94425,5.14468,2.99352,5.25471,3.08335,5.36776,3.17436,5.48199,3.28974,5.59737,3.40512,5.71275,3.52050,5.82813,3.63588,5.94351,3.74933,6.05889,3.86481,6.17437,3.97253,6.28985,4.08839,6.40571,4.19458,6.52158,4.31093,6.63793,4.42728,6.75428,4.54363,6.87063,4.65998,6.98698,4.77633,7.10333,4.89268,7.21968,5.00903,7.33603,5.10402,7.43507,5.23098,7.55475,5.37026,7.67887,5.51830,7.80624,5.68453,7.93535,5.84968,8.06747,6.04554,8.09138,6.24554,8.13604,6.40476,8.22459,6.56917,8.26910,6.62813,8.24490,6.64012,8.27183,6.60047,8.31181
0.00000,0.20000,0.00000,0.40000,0.19447,0.60000,0.38816,0.80000,0.58104,1.00000,0.77313,1.20000,0.95671,1.40000,1.12583,1.60000,1.27954,1.80000,1.41767,2.00000,1.51034,2.20000,1.61664,2.40000,1.70732,2.60000,1.78226,2.80000,1.84204,3.00000,1.88663,3.20000,1.91675,3.40000,1.93962,3.60000,1.95461,3.80000,1.96663,4.00000,1.98875,4.20000,2.02321,4.39056,2.06965,4.56987,2.12882,4.73790,2.15472,4.89456,2.24326,5.04210,2.35001,5.18204,2.48194,5.32364,2.57880,5.46573,2.72059,5.61007,2.86413,5.75455,3.00866,5.89907,3.15318,6.04359,3.29770,6.18811,3.44222,6.33263,3.58674,6.47715,3.73126,6.62167,3.87578,6.76619,4.02030,6.91071,4.16482,7.05523,4.30934,7.19975,4.45386,7.34428,4.59838,7.48880,4.74290,7.63332,4.88742,7.77784,5.03195,7.91901,5.17949,8.06017,5.34148,8.18695,5.51790,8.31965,5.70977,8.43196,5.90977,8.51992,6.10977,8.58685,6.30977,8.64625,6.50977,8.59061,6.70977,8.56339,6.90977,8.58504,7.10977,8.57138,7.27818,8.50219,7.37423,8.49692,7.33459,8.53690
0.00000,0.20000,0.00000,0.40000,0.19646,0.60000,0.39227,0.80000,0.58741,1.00000,0.78188,1.20000,0.97566,1.40000,1.16876,1.60000,1.34718,1.80000,1.50412,2.00000,1.60960,2.20000,1.72264,2.40000,1.81400,2.60000,1.88362,2.80000,1.93221,3.00000,1.95993,3.20000,1.96772,3.40000,1.96296,3.60000,1.94509,3.80000,1.91883,4.00000,1.90434,4.20000,1.91030,4.39478,1.93749,4.57953,1.98785,4.75368,2.01457,4.91660,2.11837,5.07004,2.25542,5.21763,2.40040,5.36574,2.54703,5.51400,2.69518,5.66235,2.84354,5.81071,2.99190,5.95907,3.14026,6.10743,3.28862,6.25578,3.43697,6.40414,3.58533,6.55250,3.73369,6.70086,3.88205,6.84922,4.03041,6.99758,4.17877,7.14594,4.32712,7.29429,4.47548,7.44265,4.62384,7.59101,4.77220,7.73937,4.92056,7.88722,5.06889,8.02652,5.22366,8.15580,5.39263,8.25859,5.57520,8.35640,5.77178,8.41988,5.97178,8.45204,6.17178,8.47090,6.37178,8.49814,6.57178,8.42642,6.77178,8.39436,6.97178,8.41012,7.17177,8.39605,7.37177,8.32669,7.56122,8.32173,7.52158,8.36171
0.00000,0.20000,0.00000,0.40000,0.19256,0.60000,0.38450,0.80000,0.57580,1.00000,0.76646,1.20000,0.95648,1.40000,1.14588,1.60000,1.33467,1.80000,1.50964,2.00000,1.62796,2.20000,1.74858,2.40000,1.84217,2.60000,1.90871,2.80000,1.94891,3.00000,1.96304,3.20000,1.95214,3.40000,1.92375,3.60000,1.87741,3.80000,1.81795,4.00000,1.77148,4.20000,1.75247,4.40000,1.76367,4.59238,1.80864,4.77457,1.83940,4.94541,1.96247,5.10617,2.11180,5.26336,2.26308,5.42094,2.41626,5.57883,2.57125,5.73696,2.72787,5.89524,2.88591,6.05361,3.04430,6.21200,3.20268,6.37038,3.36107,6.52877,3.51945,6.68715,3.67784,6.84554,3.83622,7.00392,3.99461,7.16231,4.15299,7.32069,4.31138,7.47908,4.46976,7.63746,4.62815,7.79585,4.78653,7.95423,4.94492,8.11261,5.10330,8.25399,5.27117,8.37967,5.45371,8.46836,5.64981,8.54185,5.84981,8.56694,6.04981,8.56584,6.24981,8.56053,6.44981,8.57421,6.64981,8.50204,6.84981,8.46976,7.04981,8.48529,7.24981,8.47109,7.44981,8.40168,7.64981,8.39685,7.61017,8.43683
0.00000,0.20000,0.00000,0.40000,0.20000,0.60000,0.40000,0.80000,0.60000,1.00000,0.80000,1.20000,0.99959,1.40000,1.19867,1.60000,1.39725,1.80000,1.59529,2.00000,1.73951,2.20000,1.88126,2.40000,1.99117,2.60000,2.06911,2.80000,2.11579,3.00000,2.13147,3.20000,2.11725,3.40000,2.08073,3.60000,2.02155,3.80000,1.94467,4.00000,1.88122,4.20000,1.85109,4.39594,1.85780,4.58359,1.90561,4.76152,1.94842,4.92816,2.09046,5.08433,2.23878,5.23403,2.38833,5.38379,2.53810,5.53356,2.68787,5.68334,2.83765,5.83311,2.98742,5.98288,3.13719,6.13265,3.28697,6.28243,3.43674,6.43220,3.58651,6.58197,3.73628,6.73175,3.88606,6.88152,4.03583,7.03129,4.18560,7.18107,4.33538,7.33084,4.48515,7.48061,4.63492,7.63039,4.78470,7.77831,4.93438,7.92134,5.08373,8.04211,5.24002,8.13942,5.40899,8.19359,5.58912,8.22968,5.78006,8.22608,5.98006,8.20585,6.18006,8.18778,6.38006,8.19510,6.58006,8.12280,6.78006,8.09044,6.98006,8.10590,7.18006,8.09165,7.38006,8.02222,7.58006,8.01744,7.54041,8.05742
0.00000,0.20000,0.00000,0.40000,0.19611,0.60000,0.39170,0.80000,0.58674,1.00000,0.78123,1.20000,0.97516,1.40000,1.16853,1.60000,1.36132,1.80000,1.55355,2.00000,1.71417,2.20000,1.86779,2.40000,1.98494,2.60000,2.06545,2.80000,2.11001,3.00000,2.11888,3.20000,2.09321,3.40000,2.04065,3.60000,1.96094,3.80000,1.85913,4.00000,1.76975,4.20000,1.71772,4.40000,1.71072,4.59411,1.75479,4.77887,1.80310,4.95219,1.95911,5.11442,2.11219,5.27219,2.26684,5.43019,2.42296,5.58836,2.58043,5.74663,2.73874,5.90494,2.89705,6.06325,3.05536,6.22156,3.21367,6.37987,3.37198,6.53818,3.53029,6.69649,3.68860,6.85480,3.84691,7.01311,4.00522,7.17142,4.16353,7.32973,4.32184,7.48804,4.48015,7.64635,4.63846,7.80466,4.79677,7.96297,4.95508,8.11677,5.11316,8.24143,5.28089,8.33645,5.46176,8.37837,5.65376,8.40105,5.85376,8.38537,6.05376,8.36115,6.25376,8.34171,6.45376,8.34872,6.65376,8.27637,6.85376,8.24399,7.05376,8.25942,7.25376,8.24516,7.45376,8.17573,7.65376,8.17096,7.61412,8.21094
0.00000,0.20000,0.00000,0.40000,0.19618,0.60000,0.39183,0.80000,0.58694,1.00000,0.78151,1.20000,0.97551,1.40000,1.16894,1.60000,1.36180,1.80000,1.55410,2.00000,1.73523,2.20000,1.90488,2.40000,2.03347,2.60000,2.12079,2.80000,2.16746,3.00000,2.17375,3.20000,2.14082,3.40000,2.07637,3.60000,1.98023,3.80000,1.85754,4.00000,1.74972,4.20000,1.68291,4.40000,1.66837,4.59585,1.71379,4.78264,1.77272,4.95782,1.92990,5.12130,2.08476,5.28087,2.24123,5.44067,2.39920,5.60064,2.55852,5.76072,2.71863,5.92083,2.87874,6.08094,3.03885,6.24104,3.19896,6.40115,3.35907,6.56126,3.51918,6.72137,3.67929,6.88148,3.83940,7.04159,3.99951,7.20170,4.15962,7.36181,4.31973,7.52192,4.47984,7.68203,4.63995,7.84214,4.80006,8.00225,4.96017,8.15471,5.11989,8.27257,5.28952,8.35340,5.47166,8.37939,5.66422,8.38832,5.86422,8.36456,6.06422,8.33867,6.26422,8.31781,6.46422,8.32472,6.66422,8.25236,6.86422,8.21997,7.06422,8.23539,7.26421,8.22113,7.46421,8.15170,7.66421,8.14693,7.62457,8.18691
0.00000,0.20000,0.00000,0.40000,0.19644,0.60000,0.39239,0.80000,0.58783,1.00000,0.78275,1.20000,0.97715,1.40000,1.17102,1.60000,1.36436,1.80000,1.55716,2.00000,1.74944,2.20000,1.93571,2.40000,2.07655,2.60000,2.17166,2.80000,2.22164,3.00000,2.22674,3.20000,2.18812,3.40000,2.11354,3.60000,2.00286,3.80000,1.86134,4.00000,1.73754,4.20000,1.65888,4.40000,1.63983,4.59706,1.68918,4.78521,1.76085,4.96149,1.91892,5.12537,2.07490,5.28570,2.23238,5.44624,2.39127,5.60693,2.55143,5.76771,2.71224,5.92853,2.87306,6.08934,3.03387,6.25016,3.19469,6.41097,3.35550,6.57178,3.51632,6.73260,3.67713,6.89341,3.83794,7.05423,3.99876,7.21504,4.15957,7.37586,4.32039,7.53667,4.48120,7.69748,4.64202,7.85830,4.80283,8.01911,4.96364,8.17140,5.12403,8.28408,5.29444,8.35279,5.47680,8.36618,5.66895,8.36533,5.86895,8.33927,6.06895,8.31170,6.26895,8.28937,6.46895,8.29625,6.66895,8.22388,6.86895,8.19149,7.06895,8.20691,7.26895,8.19264,7.46895,8.12321,7.66895,8.11844,7.62930,8.15843
0.00000,0.20000,0.00000,0.40000,0.19484,0.60000,0.38911,0.80000,0.58279,1.00000,0.77586,1.20000,0.96831,1.40000,1.16013,1.60000,1.35133,1.80000,1.54190,2.00000,1.73184,2.20000,1.92118,2.40000,2.07788,2.60000,2.18419,2.80000,2.24062,3.00000,2.24740,3.20000,2.20568,3.40000,2.12324,3.60000,2.00002,3.80000,1.84135,4.00000,1.69821,4.20000,1.60397,4.40000,1.57639,4.59980,1.62693,4.79099,1.70969,4.97010,1.86806,5.13611,2.02550,5.29951,2.18476,5.46321,2.34570,5.62713,2.50817,5.79120,2.67196,5.95535,2.83613,6.11952,3.00030,6.28369,3.16447,6.44786,3.32864,6.61203,3.49281,6.77620,3.65698,6.94037,3.82115,7.10454,3.98532,7.26871,4.14949,7.43288,4.31366,7.59705,4.47783,7.76122,4.64200,7.92539,4.80617,8.08956,4.97034,8.24334,5.13399,8.35123,5.30825,8.41029,5.49418,8.41457,5.68961,8.40750,5.88961,8.37902,6.08961,8.35266,6.28961,8.33434,6.48961,8.34710,6.68961,8.28163,6.88961,8.25755,7.08961,8.28341,7.28961,8.28302,7.48961,8.23359,7.68961,8.24882,7.64997,8.28880
0.00000,0.20000,0.00000,0.40000,0.19763,0.60000,0.39477,0.80000,0.59140,1.00000,0.78751,1.20000,0.98308,1.40000,1.17810,1.60000,1.37257,1.80000,1.56647,2.00000,1.75981,2.20000,1.95259,2.40000,2.12690,2.60000,2.24617,2.80000,2.31084,3.00000,2.32108,3.20000,2.27804,3.40000,2.18952,3.60000,2.05549,3.80000,1.88137,4.00000,1.72451,4.20000,1.62063,4.40000,1.59100,4.59897,1.64773,4.78947,1.74562,4.96761,1.90514,5.13195,2.06312,5.29329,2.22257,5.45480,2.38336,5.61641,2.54501,5.77806,2.70667,5.93971,2.86832,6.10137,3.02997,6.26302,3.19162,6.42467,3.35328,6.58633,3.51493,6.74798,3.67658,6.90963,3.83823,7.07128,3.99989,7.23294,4.16154,7.39459,4.32319,7.55624,4.48484,7.71789,4.64650,7.87955,4.80815,8.04058,4.96977,8.18875,5.13072,8.28618,5.30156,8.33245,5.48327,8.32694,5.67378,8.31347,5.87314,8.28311,6.07314,8.25512,6.27314,8.23536,6.47314,8.24802,6.67314,8.18244,6.87314,8.15825,7.07314,8.18399,7.27314,8.18349,7.47314,8.13406,7.67314,8.14929,7.63349,8.18927
0.00000,0.20000,0.00000,0.40000,0.19935,0.60000,0.39826,0.80000,0.59670,1.00000,0.79467,1.20000,0.99215,1.40000,1.18911,1.60000,1.38556,1.80000,1.58148,2.00000,1.77686,2.20000,1.97171,2.40000,2.16372,2.60000,2.29612,2.80000,2.36929,3.00000,2.38334,3.20000,2.33941,3.40000,2.24531,3.60000,2.10105,3.80000,1.91213,4.00000,1.74223,4.20000,1.62937,4.40000,1.59717,4.59853,1.65981,4.78875,1.77252,4.96632,1.93093,5.12938,2.08763,5.28930,2.24576,5.44938,2.40520,5.60956,2.56541,5.76978,2.72563,5.93000,2.88585,6.09022,3.04607,6.25044,3.20629,6.41066,3.36651,6.57087,3.52672,6.73109,3.68694,6.89131,3.84716,7.05153,4.00738,7.21175,4.16760,7.37196,4.32782,7.53218,4.48803,7.69240,4.64825,7.85262,4.80847,8.01233,4.96866,8.15622,5.12804,8.24431,5.29666,8.28187,5.47559,8.27046,5.66289,8.25438,5.85875,8.22267,6.05875,8.19303,6.25875,8.17176,6.45875,8.18439,6.65875,8.11877,6.85875,8.09454,7.05875,8.12024,7.25875,8.11971,7.45875,8.07027,7.65875,8.08551,7.61911,8.12549
0.00000,0.20000,0.00000,0.40000,0.19775,0.60000,0.39502,0.80000,0.59181,1.00000,0.78808,1.20000,0.98384,1.40000,1.17906,1.60000,1.37374,1.80000,1.56788,2.00000,1.76146,2.20000,1.95451,2.40000,2.14701,2.60000,2.29078,2.80000,2.37072,3.00000,2.38691,3.20000,2.34048,3.40000,2.23923,3.60000,2.08325,3.80000,1.88325,4.00000,1.69898,4.20000,1.57565,4.40000,1.53881,4.60000,1.60686,4.79306,1.73486,4.97306,1.89482,5.13767,2.05374,5.29981,2.21410,5.46211,2.37578,5.62451,2.53821,5.78695,2.70065,5.94939,2.86309,6.11182,3.02552,6.27426,3.18796,6.43670,3.35040,6.59914,3.51284,6.76157,3.67527,6.92401,3.83771,7.08645,4.00015,7.24888,4.16258,7.41132,4.32502,7.57376,4.48746,7.73619,4.64989,7.89863,4.81233,8.06059,4.97474,8.20488,5.13625,8.28722,5.30742,8.31765,5.48868,8.30055,5.67814,8.28190,5.87614,8.24831,6.07614,8.21707,6.27614,8.19434,6.47614,8.20695,6.67614,8.14132,6.87614,8.11707,7.07614,8.14276,7.27614,8.14222,7.47614,8.09278,7.67614,8.10802,7.63650,8.14800
0.00000,0.20000,0.00000,0.40000,0.19655,0.60000,0.39261,0.80000,0.58816,1.00000,0.78318,1.20000,0.97766,1.40000,1.17160,1.60000,1.36499,1.80000,1.55783,2.00000,1.75011,2.20000,1.94185,2.40000,2.13306,2.60000,2.28754,2.80000,2.37367,3.00000,2.39145,3.20000,2.34201,3.40000,2.23317,3.60000,2.06505,3.80000,1.86505,4.00000,1.66609,4.20000,1.53194,4.40000,1.48905,4.60000,1.56117,4.79555,1.70340,4.97771,1.86358,5.14366,2.02328,5.30766,2.18455,5.47188,2.34726,5.63625,2.51127,5.80069,2.67574,5.96517,2.84021,6.12964,3.00468,6.29411,3.16915,6.45858,3.33362,6.62305,3.49810,6.78752,3.66257,6.95199,3.82704,7.11646,3.99151,7.28093,4.15598,7.44541,4.32045,7.60988,4.48492,7.77435,4.64939,7.93882,4.81387,8.10329,4.97834,8.24901,5.14187,8.32668,5.31530,8.35258,5.49869,8.33269,5.69026,8.31453,5.89026,8.27894,6.09026,8.24615,6.29026,8.22199,6.49026,8.23460,6.69026,8.16896,6.89026,8.14471,7.09026,8.17039,7.29026,8.16984,7.49026,8.12041,7.69026,8.13564,7.65061,8.17563
0.00000,0.20000,0.00000,0.40000,0.20000,0.60000,0.40000,0.80000,0.60000,1.00000,0.79977,1.20000,0.99908,1.40000,1.19792,1.60000,1.39628,1.80000,1.59414,2.00000,1.79150,2.20000,1.98834,2.40000,2.18381,2.60000,2.35263,2.80000,2.44854,3.00000,2.47150,3.20000,2.42262,3.40000,2.30972,3.60000,2.13295,3.80000,1.93411,4.00000,1.73438,4.20000,1.59117,4.40000,1.54392,4.60000,1.62022,4.79280,1.77484,4.97215,1.93293,5.13480,2.08987,5.29490,2.24824,5.45515,2.40792,5.61549,2.56830,5.77587,2.72868,5.93625,2.88906,6.09663,3.04944,6.25701,3.20982,6.41739,3.37019,6.57776,3.53057,6.73814,3.69095,6.89852,3.85133,7.05890,4.01171,7.21928,4.17209,7.37966,4.33247,7.54004,4.49284,7.70041,4.65322,7.86079,4.81360,8.02062,4.97395,8.16049,5.13328,8.22852,5.30137,8.24672,5.47877,8.22273,5.66385,8.20209,5.85715,8.16628,6.05715,8.13199,6.25714,8.10642,6.45714,8.11903,6.65714,8.05340,6.85714,8.02914,7.05714,8.05482,7.25714,8.05427,7.45714,8.00484,7.65714,8.02007,7.61750,8.06005
0.00000,0.20000,0.00000,0.40000,0.20000,0.60000,0.40000,0.80000,0.60000,1.00000,0.80000,1.20000,1.00000,1.40000,1.20000,1.60000,1.40000,1.80000,1.60000,2.00000,1.80000,2.20000,2.00000,2.40000,2.19995,2.60000,2.38384,2.80000,2.49027,3.00000,2.51915,3.20000,2.47153,3.40000,2.35527,3.60000,2.17053,3.80000,1.97144,4.00000,1.77144,4.20000,1.61571,4.40000,1.56132,4.59921,1.63961,4.79119,1.80555,4.96965,1.96567,5.13089,2.12393,5.28915,2.28219,5.44741,2.44045,5.60567,2.59871,5.76393,2.75697,5.92219,2.91524,6.08045,3.07350,6.23871,3.23176,6.39697,3.39002,6.55524,3.54828,6.71350,3.70654,6.87176,3.86480,7.03002,4.02306,7.18828,4.18132,7.34654,4.33958,7.50480,4.49784,7.66306,4.65610,7.82132,4.81436,7.97958,4.97263,8.11667,5.12983,8.18012,5.29533,8.19543,5.46986,8.17156,5.65193,8.15139,5.84210,8.11870,6.04014,8.08869,6.24014,8.07057,6.44014,8.09213,6.64014,8.03698,6.84014,8.02529,7.04014,8.06145,7.24014,8.07482,7.44014,8.04539,7.64014,8.08062,7.60049,8.12060
0.00000,0.20000,0.00000,0.40000,0.19484,0.60000,0.38916,0.80000,0.58294,1.00000,0.77618,1.20000,0.96887,1.40000,1.16099,1.60000,1.35256,1.80000,1.54357,2.00000,1.73404,2.20000,1.92396,2.40000,2.11335,2.60000,2.30163,2.80000,2.40796,3.00000,2.43222,3.20000,2.37547,3.40000,2.24558,3.60000,2.04558,3.80000,1.84558,4.00000,1.64558,4.20000,1.47878,4.40000,1.41872,4.60000,1.50306,4.79906,1.67987,4.98396,1.84075,5.15077,2.00186,5.31627,2.16459,5.48199,2.32881,5.64786,2.49434,5.81381,2.66031,5.97978,2.82629,6.14576,2.99226,6.31173,3.15823,6.47771,3.32421,6.64368,3.49018,6.80965,3.65616,6.97563,3.82213,7.14160,3.98810,7.30757,4.15408,7.47355,4.32005,7.63952,4.48602,7.80549,4.65200,7.97147,4.81797,8.13744,4.98394,8.28194,5.14884,8.34513,5.32354,8.35891,5.50767,8.33384,5.69974,8.31294,5.89974,8.27802,6.09974,8.24630,6.29974,8.22688,6.49974,8.24829,6.69974,8.19299,6.89974,8.18115,7.09974,8.21716,7.29974,8.23040,7.49974,8.20096,7.69974,8.23620,7.66009,8.27618
0.00000,0.20000,0.00000,0.40000,0.19554,0.60000,0.39059,0.80000,0.58512,1.00000,0.77914,1.20000,0.97263,1.40000,1.16558,1.60000,1.35800,1.80000,1.54989,2.00000,1.74125,2.20000,1.93209,2.40000,2.12243,2.60000,2.31177,2.80000,2.42450,3.00000,2.45065,3.20000,2.39125,3.40000,2.25418,3.60000,2.05418,3.80000,1.85418,4.00000,1.65418,4.20000,1.47749,4.40000,1.41224,4.60000,1.50086,4.79939,1.67687,4.98438,1.83703,5.15131,1.99748,5.31703,2.15962,5.48300,2.32331,5.64917,2.48841,5.81547,2.65475,5.98182,2.82110,6.14817,2.98745,6.31453,3.15381,6.48088,3.32016,6.64723,3.48651,6.81359,3.65287,6.97994,3.81922,7.14630,3.98558,7.31265,4.15193,7.47900,4.31828,7.64536,4.48464,7.81171,4.65099,7.97806,4.81734,8.14442,4.98370,8.28923,5.14897,8.34847,5.32385,8.35920,5.50800,8.33352,5.70007,8.31240,5.90007,8.27604,6.10007,8.24268,6.30007,8.22173,6.50007,8.24309,6.70007,8.18774,6.90007,8.17586,7.10007,8.21181,7.30007,8.22501,7.50007,8.19557,7.70007,8.23081,7.66043,8.27079
0.00000,0.20000,0.00000,0.40000,0.19368,0.60000,0.38682,0.80000,0.57942,1.00000,0.77148,1.20000,0.96297,1.40000,1.15391,1.60000,1.34428,1.80000,1.53411,2.00000,1.72339,2.20000,1.91213,2.40000,2.10037,2.60000,2.28811,2.80000,2.40735,3.00000,2.43560,3.20000,2.37387,3.40000,2.23006,3.60000,2.03006,3.80000,1.83006,4.00000,1.63006,4.20000,1.44596,4.40000,1.37790,4.60000,1.47318,4.80000,1.65033,4.98634,1.81156,5.15451,1.97333,5.32165,2.13680,5.48907,2.30187,5.65668,2.46836,5.82443,2.63610,5.99223,2.80391,6.16004,2.97171,6.32784,3.13952,6.49565,3.30733,6.66346,3.47513,6.83126,3.64294,6.99907,3.81075,7.16688,3.97855,7.33468,4.14636,7.50249,4.31417,7.67030,4.48197,7.83810,4.64978,8.00591,4.81758,8.17371,4.98539,8.31766,5.15201,8.37237,5.32822,8.37918,5.51359,8.35171,5.70686,8.32905,5.90686,8.29157,6.10686,8.25663,6.30686,8.23418,6.50686,8.25552,6.70686,8.20015,6.90686,8.18826,7.10686,8.22420,7.30686,8.23737,7.50686,8.20794,7.70686,8.24317,7.66721,8.28316
0.00000,0.20000,0.00000,0.40000,0.19786,0.60000,0.39525,0.80000,0.59216,1.00000,0.78858,1.20000,0.98449,1.40000,1.17988,1.60000,1.37475,1.80000,1.56910,2.00000,1.76291,2.20000,1.95620,2.40000,2.14896,2.60000,2.34122,2.80000,2.46898,3.00000,2.50133,3.20000,2.43928,3.40000,2.29073,3.60000,2.09073,3.80000,1.89073,4.00000,1.69073,4.20000,1.50133,4.40000,1.43268,4.60000,1.53494,4.79837,1.71166,4.98170,1.87236,5.14703,2.03291,5.31077,2.19494,5.47466,2.35830,5.63864,2.52232,5.80266,2.68633,5.96668,2.85035,6.13070,3.01437,6.29471,3.17838,6.45873,3.34240,6.62275,3.50642,6.78677,3.67044,6.95078,3.83445,7.11480,3.99847,7.27882,4.16249,7.44283,4.32651,7.60685,4.49052,7.77087,4.65454,7.93489,4.81856,8.09886,4.98257,8.23619,5.14525,8.28460,5.31675,8.28722,5.49694,8.25884,5.68473,8.23675,5.88081,8.19870,6.08081,8.16217,6.28081,8.13822,6.48081,8.15955,6.68081,8.10417,6.88081,8.09227,7.08081,8.12821,7.28081,8.14138,7.48081,8.11195,7.68081,8.14718,7.64116,8.18716
0.00000,0.20000,0.00000,0.40000,0.19779,0.60000,0.39509,0.80000,0.59189,1.00000,0.78818,1.20000,0.98393,1.40000,1.17914,1.60000,1.37379,1.80000,1.56788,2.00000,1.76141,2.20000,1.95439,2.40000,2.14681,2.60000,2.33869,2.80000,2.47369,3.00000,2.50860,3.20000,2.44442,3.40000,2.28907,3.60000,2.08907,3.80000,1.88907,4.00000,1.68907,4.20000,1.49139,4.40000,1.41886,4.60000,1.52833,4.79906,1.70513,4.98269,1.86598,5.14830,2.02683,5.31241,2.18922,5.47669,2.35297,5.64107,2.51737,5.80547,2.68178,5.96987,2.84618,6.13428,3.01059,6.29868,3.17499,6.46309,3.33940,6.62749,3.50380,6.79190,3.66821,6.95630,3.83261,7.12071,3.99702,7.28511,4.16142,7.44952,4.32583,7.61392,4.49023,7.77833,4.65464,7.94273,4.81904,8.10714,4.98345,8.24128,5.14634,8.28715,5.31801,8.28832,5.49833,8.26089,5.68629,8.24156,5.88268,8.20235,6.08268,8.16419,6.28268,8.13867,6.48268,8.16001,6.68268,8.10463,6.88268,8.09272,7.08268,8.12866,7.28268,8.14183,7.48268,8.11239,7.68268,8.14763,7.64304,8.18761
0.00000,0.20000,0.00000,0.40000,0.19780,0.60000,0.39512,0.80000,0.59194,1.00000,0.78824,1.20000,0.98402,1.40000,1.17925,1.60000,1.37393,1.80000,1.56805,2.00000,1.76162,2.20000,1.95463,2.40000,2.14709,2.60000,2.33901,2.80000,2.48164,3.00000,2.51946,3.20000,2.45343,3.40000,2.29150,3.60000,2.09150,3.80000,1.89150,4.00000,1.69150,4.20000,1.49150,4.40000,1.41599,4.60000,1.53131,4.79920,1.70796,4.98268,1.86866,5.14814,2.02937,5.31212,2.19162,5.47625,2.35524,5.64049,2.51950,5.80475,2.68376,5.96901,2.84802,6.13327,3.01229,6.29754,3.17655,6.46180,3.34081,6.62606,3.50507,6.79032,3.66934,6.95459,3.83360,7.11885,3.99786,7.28311,4.16212,7.44737,4.32639,7.61163,4.49065,7.77590,4.65491,7.94016,4.81917,8.10442,4.98344,8.23592,5.14606,8.28022,5.31737,8.28104,5.49729,8.25580,5.68495,8.23907,5.88115,8.19859,6.08115,8.15872,6.28115,8.13155,6.48115,8.15288,6.68115,8.09750,6.88115,8.08560,7.08115,8.12153,7.28115,8.13470,7.48115,8.10526,7.68115,8.14050,7.64150,8.18048
0.00000,0.20000,0.00000,0.40000,0.19949,0.60000,0.39855,0.80000,0.59715,1.00000,0.79527,1.20000,0.99291,1.40000,1.19006,1.60000,1.38668,1.80000,1.58279,2.00000,1.77838,2.20000,1.97343,2.40000,2.16796,2.60000,2.36198,2.80000,2.51186,3.00000,2.55229,3.20000,2.48425,3.40000,2.31567,3.60000,2.11617,3.80000,1.91617,4.00000,1.71617,4.20000,1.51617,4.40000,1.43801,4.60000,1.55764,4.79810,1.73314,4.98031,1.89278,5.14464,2.05216,5.30723,2.21305,5.46999,2.37529,5.63283,2.53817,5.79571,2.70105,5.95859,2.86392,6.12146,3.02680,6.28434,3.18968,6.44722,3.35255,6.61010,3.51543,6.77297,3.67831,6.93585,3.84119,7.09873,4.00406,7.26160,4.16694,7.42448,4.32982,7.58736,4.49269,7.75024,4.65557,7.91311,4.81845,8.07599,4.98133,8.20448,5.14248,8.24756,5.31199,8.24873,5.49002,8.22656,5.67585,8.21189,5.87024,8.17032,6.07024,8.12875,6.27024,8.09994,6.47024,8.12127,6.67024,8.06589,6.87024,8.05399,7.07024,8.08992,7.27024,8.10309,7.47024,8.07366,7.67024,8.10889,7.63059,8.14887
0.00000,0.20000,0.00000,0.40000,0.19659,0.60000,0.39267,0.80000,0.58822,1.00000,0.78324,1.20000,0.97771,1.40000,1.17162,1.60000,1.36497,1.80000,1.55774,2.00000,1.74996,2.20000,1.94161,2.40000,2.13271,2.60000,2.32328,2.80000,2.47788,3.00000,2.51841,3.20000,2.44582,3.40000,2.26809,3.60000,2.06809,3.80000,1.86809,4.00000,1.66809,4.20000,1.46809,4.40000,1.38575,4.60000,1.51212,4.80000,1.68830,4.98439,1.84869,5.15076,2.00939,5.31586,2.17177,5.48119,2.33567,5.64666,2.50090,5.81221,2.66646,5.97777,2.83203,6.14334,2.99759,6.30890,3.16316,6.47447,3.32872,6.64003,3.49429,6.80560,3.65985,6.97116,3.82542,7.13673,3.99099,7.30230,4.15655,7.46786,4.32212,7.63343,4.48768,7.79899,4.65325,7.96456,4.81881,8.13012,4.98438,8.25835,5.14808,8.30079,5.32052,8.30187,5.50164,8.28165,5.69080,8.26948,5.88882,8.22597,6.08882,8.18273,6.28882,8.15231,6.48882,8.17364,6.68882,8.11826,6.88882,8.10636,7.08882,8.14229,7.28882,8.15546,7.48882,8.12602,7.68882,8.16126,7.64917,8.20124
0.00000,0.20000,0.00000,0.40000,0.19782,0.60000,0.39517,0.80000,0.59202,1.00000,0.78837,1.20000,0.98419,1.40000,1.17947,1.60000,1.37422,1.80000,1.56841,2.00000,1.76206,2.20000,1.95516,2.40000,2.14772,2.60000,2.33975,2.80000,2.50215,3.00000,2.54587,3.20000,2.47187,3.40000,2.28811,3.60000,2.08811,3.80000,1.88811,4.00000,1.68811,4.20000,1.48811,4.40000,1.40194,4.60000,1.53176,4.79990,1.70846,4.98332,1.86918,5.14873,2.02993,5.31271,2.19220,5.47685,2.35583,5.64108,2.52009,5.80534,2.68435,5.96961,2.84862,6.13387,3.01288,6.29813,3.17714,6.46239,3.34140,6.62666,3.50567,6.79092,3.66993,6.95518,3.83419,7.11944,3.99845,7.28371,4.16272,7.44797,4.32698,7.61223,4.49124,7.77650,4.65551,7.94076,4.81977,8.10502,4.98403,8.23156,5.14641,8.27165,5.31731,8.27187,5.49677,8.25340,5.68428,8.24329,5.88066,8.19871,6.08066,8.15379,6.28066,8.12174,6.48066,8.14307,6.68066,8.08769,6.88066,8.07579,7.08066,8.11172,7.28065,8.12489,7.48065,8.09546,7.68065,8.13069,7.64101,8.17067
0.00000,0.20000,0.00000,0.40000,0.19359,0.60000,0.38662,0.80000,0.57910,1.00000,0.77101,1.20000,0.96235,1.40000,1.15311,1.60000,1.34330,1.80000,1.53291,2.00000,1.72197,2.20000,1.91048,2.40000,2.09845,2.60000,2.28593,2.80000,2.45228,3.00000,2.49535,3.20000,2.41606,3.40000,2.22243,3.60000,2.02243,3.80000,1.82243,4.00000,1.62243,4.20000,1.42243,4.40000,1.33000,4.60000,1.46202,4.80000,1.63955,4.98690,1.80117,5.15558,1.96340,5.32330,2.12741,5.49129,2.29305,5.65949,2.46016,5.82781,2.62855,5.99619,2.79693,6.16457,2.96531,6.33295,3.13369,6.50134,3.30207,6.66972,3.47046,6.83810,3.63884,7.00648,3.80722,7.17486,3.97560,7.34325,4.14398,7.51163,4.31237,7.68001,4.48075,7.84839,4.64913,8.01678,4.81751,8.18516,4.98590,8.31546,5.15237,8.35580,5.32778,8.35652,5.51200,8.34059,5.70463,8.33229,5.90463,8.28555,6.10463,8.23887,6.30463,8.20512,6.50463,8.22646,6.70463,8.17108,6.90463,8.15917,7.10463,8.19510,7.30463,8.20827,7.50462,8.17884,7.70462,8.21407,7.66498,8.25406
0.00000,0.20000,0.00000,0.40000,0.20000,0.60000,0.40000,0.80000,0.59977,1.00000,0.79911,1.20000,0.99800,1.40000,1.19643,1.60000,1.39440,1.80000,1.59188,2.00000,1.78888,2.20000,1.98538,2.40000,2.18140,2.60000,2.37692,2.80000,2.55468,3.00000,2.60473,3.20000,2.52799,3.40000,2.33245,3.60000,2.13445,3.80000,1.93559,4.00000,1.73589,4.20000,1.53719,4.40000,1.44459,4.60000,1.58113,4.79777,1.75718,4.97883,1.91711,5.14202,2.07638,5.30327,2.23695,5.46461,2.39833,5.62600,2.55972,5.78738,2.72110,5.94876,2.88248,6.11015,3.04387,6.27153,3.20525,6.43291,3.36663,6.59430,3.52802,6.75568,3.68940,6.91706,3.85078,7.07845,4.01217,7.23983,4.17355,7.40121,4.33493,7.56260,4.49632,7.72398,4.65770,7.88536,4.81908,8.04520,4.98039,8.16912,5.13982,8.20432,5.30703,8.20262,5.48251,8.18731,5.66601,8.17812,5.85821,8.13278,6.05776,8.08523,6.25776,8.05063,6.45776,8.07191,6.65776,8.01653,6.85776,8.00462,7.05776,8.04055,7.25776,8.05372,7.45776,8.02429,7.65776,8.05952,7.61812,8.09951
0.00000,0.20000,0.00000,0.40000,0.19787,0.60000,0.39528,0.80000,0.59221,1.00000,0.78865,1.20000,0.98459,1.40000,1.18001,1.60000,1.37491,1.80000,1.56928,2.00000,1.76313,2.20000,1.95646,2.40000,2.14926,2.60000,2.34156,2.80000,2.52414,3.00000,2.57453,3.20000,2.49363,3.40000,2.29363,3.60000,2.09363,3.80000,1.89363,4.00000,1.69363,4.20000,1.49363,4.40000,1.39608,4.60000,1.53605,4.80000,1.71270,4.98320,1.87331,5.14840,2.03390,5.31216,2.19597,5.47607,2.35938,5.64007,2.52342,5.80411,2.68745,5.96814,2.85149,6.13218,3.01552,6.29621,3.17956,6.46025,3.34359,6.62428,3.50763,6.78831,3.67166,6.95235,3.83569,7.11638,3.99973,7.28042,4.16376,7.44445,4.32780,7.60849,4.49183,7.77252,4.65587,7.93656,4.81990,8.10059,4.98393,8.22719,5.14610,8.26332,5.31657,8.26316,5.49555,8.25160,5.68291,8.24537,5.87933,8.19835,6.07933,8.14901,6.27933,8.11275,6.47933,8.13403,6.67933,8.07865,6.87933,8.06674,7.07933,8.10267,7.27933,8.11584,7.47933,8.08641,7.67933,8.12164,7.63968,8.16163
0.00000,0.20000,0.00000,0.40000,0.19328,0.60000,0.38602,0.80000,0.57821,1.00000,0.76983,1.20000,0.96089,1.40000,1.15138,1.60000,1.34130,1.80000,1.53067,2.00000,1.71949,2.20000,1.90777,2.40000,2.09554,2.60000,2.28282,2.80000,2.46807,3.00000,2.51677,3.20000,2.42980,3.40000,2.22980,3.60000,2.02980,3.80000,1.82980,4.00000,1.62980,4.20000,1.42980,4.40000,1.32764,4.60000,1.47008,4.80000,1.64687,4.98650,1.80786,5.15483,1.96948,5.32218,2.13291,5.48981,2.29803,5.65766,2.46466,5.82564,2.63260,5.99369,2.80065,6.16174,2.96871,6.32979,3.13676,6.49785,3.30482,6.66590,3.47287,6.83396,3.64092,7.00201,3.80898,7.17007,3.97703,7.33812,4.14509,7.50618,4.31314,7.67423,4.48120,7.84229,4.64925,8.01034,4.81731,8.17840,4.98536,8.30938,5.15156,8.34509,5.32639,8.34483,5.50996,8.33535,5.70222,8.33034,5.90222,8.28440,6.10222,8.23634,6.30222,8.20175,6.50222,8.22584,6.70222,8.17384,6.90222,8.16600,7.10222,8.20193,7.30222,8.21510,7.50222,8.18567,7.70222,8.22090,7.66258,8.26089
0.00000,0.20000,0.00000,0.40000,0.19541,0.60000,0.39034,0.80000,0.58479,1.00000,0.77874,1.20000,0.97219,1.40000,1.16514,1.60000,1.35759,1.80000,1.54954,2.00000,1.74100,2.20000,1.93197,2.40000,2.12247,2.60000,2.31217,2.80000,2.50060,3.00000,2.54890,3.20000,2.45733,3.40000,2.25733,3.60000,2.05733,3.80000,1.85733,4.00000,1.65733,4.20000,1.45733,4.40000,1.35200,4.60000,1.49713,4.80000,1.67339,4.98514,1.83371,5.15222,1.99436,5.31814,2.15666,5.48433,2.32051,5.65071,2.48578,5.81722,2.65230,5.98380,2.81887,6.15037,2.98545,6.31695,3.15202,6.48352,3.31860,6.65010,3.48517,6.81667,3.65175,6.98325,3.81832,7.14982,3.98490,7.31640,4.15147,7.48297,4.31805,7.64955,4.48462,7.81612,4.65120,7.98270,4.81777,8.14927,4.98435,8.28218,5.14924,8.31707,5.32255,8.31745,5.50455,8.30989,5.69528,8.30429,5.89526,8.25719,6.09526,8.20806,6.29526,8.17252,6.49525,8.19646,6.69525,8.14439,6.89525,8.13648,7.09525,8.17241,7.29525,8.18558,7.49525,8.15615,7.69525,8.19138,7.65561,8.23136
0.00000,0.20000,0.00000,0.40000,0.19789,0.60000,0.39533,0.80000,0.59230,1.00000,0.78878,1.20000,0.98477,1.40000,1.18026,1.60000,1.37523,1.80000,1.56970,2.00000,1.76364,2.20000,1.95708,2.40000,2.15001,2.60000,2.34245,2.80000,2.53379,3.00000,2.58629,3.20000,2.49453,3.40000,2.29453,3.60000,2.09453,3.80000,1.89453,4.00000,1.69453,4.20000,1.49453,4.40000,1.38890,4.60000,1.53945,4.80000,1.71595,4.98303,1.87643,5.14808,2.03686,5.31166,2.19877,5.47540,2.36202,5.63923,2.52588,5.80309,2.68974,5.96695,2.85360,6.13081,3.01746,6.29467,3.18132,6.45854,3.34518,6.62240,3.50904,6.78626,3.67290,6.95012,3.83677,7.11398,4.00063,7.27784,4.16449,7.44170,4.32835,7.60556,4.49221,7.76942,4.65607,7.93328,4.81993,8.09714,4.98379,8.22521,5.14586,8.25642,5.31598,8.25483,5.49452,8.24771,5.68163,8.24416,5.87792,8.19754,6.07792,8.14716,6.27792,8.11048,6.47792,8.13438,6.67792,8.08229,6.87792,8.07436,7.07792,8.11029,7.27792,8.12346,7.47791,8.09402,7.67791,8.12926,7.63827,8.16924
0.00000,0.20000,0.00000,0.40000,0.19955,0.60000,0.39870,0.80000,0.59742,1.00000,0.79571,1.20000,0.99356,1.40000,1.19095,1.60000,1.38788,1.80000,1.58433,2.00000,1.78032,2.20000,1.97583,2.40000,2.17087,2.60000,2.36483,2.80000,2.55668,3.00000,2.61075,3.20000,2.51626,3.40000,2.31878,3.60000,2.12044,3.80000,1.92129,4.00000,1.72135,4.20000,1.52250,4.40000,1.41544,4.60000,1.56877,4.79923,1.74430,4.98083,1.90378,5.14457,2.06289,5.30661,2.22338,5.46880,2.38513,5.63107,2.54743,5.79337,2.70972,5.95566,2.87202,6.11796,3.03432,6.28026,3.19661,6.44255,3.35891,6.60485,3.52121,6.76715,3.68350,6.92944,3.84580,7.09174,4.00810,7.25404,4.17039,7.41633,4.33269,7.57863,4.49499,7.74093,4.65729,7.90322,4.81958,8.06497,4.98185,8.19319,5.14242,8.22423,5.31075,8.22395,5.48749,8.21942,5.67283,8.21748,5.86735,8.17031,6.06735,8.11891,6.26735,8.08132,6.46735,8.10517,6.66735,8.05307,6.86735,8.04513,7.06735,8.08106,7.26734,8.09423,7.46734,8.06480,7.66734,8.10003,7.62770,8.14001
0.00000,0.20000,0.00000,0.40000,0.19788,0.60000,0.39531,0.80000,0.59227,1.00000,0.78874,1.20000,0.98471,1.40000,1.18017,1.60000,1.37512,1.80000,1.56955,2.00000,1.76346,2.20000,1.95684,2.40000,2.14972,2.60000,2.34209,2.80000,2.53397,3.00000,2.59032,3.20000,2.49375,3.40000,2.29462,3.60000,2.09462,3.80000,1.89462,4.00000,1.69462,4.20000,1.49462,4.40000,1.38530,4.60000,1.54484,4.80000,1.72114,4.98276,1.88142,5.14756,2.04160,5.31087,2.20325,5.47433,2.36621,5.63789,2.52980,5.80147,2.69338,5.96505,2.85696,6.12864,3.02055,6.29222,3.18413,6.45581,3.34772,6.61939,3.51130,6.78297,3.67488,6.94656,3.83847,7.11014,4.00205,7.27372,4.16563,7.43731,4.32922,7.60089,4.49280,7.76448,4.65639,7.92806,4.81997,8.09130,4.98354,8.21885,5.14530,8.24696,5.31491,8.24461,5.49289,8.24018,5.67954,8.23861,5.87545,8.19127,6.07545,8.13899,6.27545,8.10064,6.47545,8.12444,6.67545,8.07234,6.87545,8.06440,7.07545,8.10033,7.27545,8.11350,7.47545,8.08406,7.67545,8.11930,7.63581,8.15928
0.00000,0.20000,0.00000,0.40000,0.19670,0.60000,0.39291,0.80000,0.58862,1.00000,0.78382,1.20000,0.97850,1.40000,1.17264,1.60000,1.36626,1.80000,1.55933,2.00000,1.75187,2.20000,1.94388,2.40000,2.13537,2.60000,2.32635,2.80000,2.51685,3.00000,2.57408,3.20000,2.47395,3.40000,2.27395,3.60000,2.07395,3.80000,1.87395,4.00000,1.67395,4.20000,1.47395,4.40000,1.36097,4.60000,1.52243,4.80000,1.69842,4.98388,1.85853,5.14976,2.01882,5.31432,2.18073,5.47910,2.34411,5.64402,2.50880,5.80901,2.67381,5.97402,2.83882,6.13903,3.00383,6.30404,3.16884,6.46905,3.33385,6.63407,3.49887,6.79908,3.66388,6.96409,3.82889,7.12910,3.99390,7.29411,4.15891,7.45912,4.32392,7.62413,4.48893,7.78914,4.65394,7.95415,4.81895,8.11916,4.98396,8.24829,5.14718,8.27564,5.31832,8.27346,5.49791,8.27160,5.68638,8.27164,5.88428,8.22310,6.08428,8.16986,6.28428,8.13070,6.48428,8.15447,6.68428,8.10236,6.88428,8.09442,7.08428,8.13035,7.28428,8.14352,7.48428,8.11408,7.68428,8.14932,7.64464,8.18930
0.00000,0.20000,0.00000,0.40000,0.19666,0.60000,0.39284,0.80000,0.58851,1.00000,0.78367,1.20000,0.97830,1.40000,1.17239,1.60000,1.36594,1.80000,1.55894,2.00000,1.75140,2.20000,1.94332,2.40000,2.13471,2.60000,2.32559,2.80000,2.51597,3.00000,2.57614,3.20000,2.47449,3.40000,2.27457,3.60000,2.07457,3.80000,1.87457,4.00000,1.67457,4.20000,1.47457,4.40000,1.35851,4.60000,1.52248,4.80000,1.69845,4.98388,1.85855,5.14976,2.01882,5.31432,2.18070,5.47910,2.34407,5.64402,2.50875,5.80901,2.67376,5.97403,2.83877,6.13904,3.00379,6.30405,3.16880,6.46907,3.33381,6.63408,3.49883,6.79909,3.66384,6.96411,3.82885,7.12912,3.99387,7.29413,4.15888,7.45915,4.32389,7.62416,4.48891,7.78917,4.65392,7.95419,4.81893,8.11920,4.98395,8.24822,5.14716,8.27406,5.31822,8.27156,5.49771,8.27176,5.68618,8.27284,5.88413,8.22409,6.08413,8.16992,6.28413,8.12991,6.48413,8.15366,6.68413,8.10155,6.88413,8.09361,7.08413,8.12954,7.28413,8.14271,7.48413,8.11327,7.68413,8.14851,7.64449,8.18849
0.00000,0.20000,0.00000,0.40000,0.19908,0.60000,0.39774,0.80000,0.59594,1.00000,0.79369,1.20000,0.99096,1.40000,1.18774,1.60000,1.38403,1.80000,1.57982,2.00000,1.77511,2.20000,1.96989,2.40000,2.16417,2.60000,2.35795,2.80000,2.55068,3.00000,2.61343,3.20000,2.50990,3.40000,2.31121,3.60000,2.11163,3.80000,1.91163,4.00000,1.71195,4.20000,1.51330,4.40000,1.39601,4.60000,1.56319,4.80000,1.73992,4.98184,1.90048,5.14575,2.06073,5.30802,2.22231,5.47038,2.38471,5.63278,2.54711,5.79519,2.70952,5.95759,2.87192,6.11999,3.03432,6.28240,3.19673,6.44480,3.35913,6.60720,3.52153,6.76961,3.68394,6.93201,3.84634,7.09442,4.00875,7.25682,4.17115,7.41922,4.33355,7.58163,4.49596,7.74403,4.65836,7.90643,4.82076,8.06724,4.98309,8.19335,5.14360,8.21661,5.31161,8.21312,5.48785,8.21461,5.67297,8.21590,5.86741,8.16699,6.06741,8.11187,6.26741,8.07102,6.46741,8.09475,6.66741,8.04265,6.86741,8.03470,7.06741,8.07063,7.26741,8.08380,7.46741,8.05437,7.66741,8.08960,7.62777,8.12959
0.00000,0.20000,0.00000,0.40000,0.19223,0.60000,0.38392,0.80000,0.57506,1.00000,0.76564,1.20000,0.95568,1.40000,1.14516,1.60000,1.33409,1.80000,1.52248,2.00000,1.71034,2.20000,1.89769,2.40000,2.08454,2.60000,2.27093,2.80000,2.45687,3.00000,2.51768,3.20000,2.40794,3.40000,2.20794,3.60000,2.00794,3.80000,1.80794,4.00000,1.60794,4.20000,1.40794,4.40000,1.28504,4.60000,1.45313,4.80000,1.62997,4.98734,1.79096,5.15648,1.95266,5.32475,2.11619,5.49336,2.28145,5.66222,2.44831,5.83125,2.61657,6.00040,2.78576,6.16959,2.95495,6.33879,3.12414,6.50798,3.29334,6.67717,3.46253,6.84636,3.63172,7.01555,3.80091,7.18474,3.97010,7.35394,4.13929,7.52313,4.30849,7.69232,4.47768,7.86151,4.64687,8.03070,4.81606,8.19989,4.98525,8.33492,5.15274,8.36032,5.32839,8.35909,5.51276,8.36170,5.70649,8.36293,5.90649,8.31301,6.10649,8.25726,6.30649,8.21593,6.50648,8.23956,6.70648,8.18746,6.90648,8.17951,7.10648,8.21544,7.30648,8.22861,7.50648,8.19918,7.70648,8.23441,7.66684,8.27439
0.00000,0.20000,0.00000,0.40000,0.19409,0.60000,0.38766,0.80000,0.58070,1.00000,0.77321,1.20000,0.96517,1.40000,1.15659,1.60000,1.34747,1.80000,1.53781,2.00000,1.72761,2.20000,1.91690,2.40000,2.10568,2.60000,2.29398,2.80000,2.48182,3.00000,2.54591,3.20000,2.43510,3.40000,2.23510,3.60000,2.03510,3.80000,1.83510,4.00000,1.63510,4.20000,1.43510,4.40000,1.30990,4.60000,1.48103,4.80000,1.65636,4.98595,1.81602,5.15383,1.97627,5.32072,2.13838,5.48795,2.30224,5.65542,2.46771,5.82308,2.63459,5.99085,2.80241,6.15867,2.97022,6.32648,3.13803,6.49429,3.30584,6.66210,3.47366,6.82992,3.64147,6.99773,3.80928,7.16554,3.97710,7.33336,4.14491,7.50117,4.31272,7.66898,4.48054,7.83679,4.64835,8.00461,4.81616,8.17242,4.98397,8.30669,5.15011,8.33083,5.32416,8.32974,5.50685,8.33351,5.69887,8.33625,5.89887,8.28623,6.09887,8.22954,6.29887,8.18738,6.49887,8.21095,6.69887,8.15885,6.89887,8.15090,7.09887,8.18683,7.29887,8.20000,7.49887,8.17057,7.69887,8.20580,7.65922,8.24578
0.00000,0.20000,0.00000,0.40000,0.20000,0.60000,0.40000,0.80000,0.59979,1.00000,0.79917,1.20000,0.99811,1.40000,1.19660,1.60000,1.39464,1.80000,1.59222,2.00000,1.78932,2.20000,1.98547,2.40000,2.18032,2.60000,2.37388,2.80000,2.56614,3.00000,2.63611,3.20000,2.52688,3.40000,2.33060,3.60000,2.13343,3.80000,1.93548,4.00000,1.73679,4.20000,1.53923,4.40000,1.41533,4.60000,1.59268,4.79923,1.76820,4.97964,1.92762,5.14225,2.08644,5.30298,2.24654,5.46380,2.40740,5.62467,2.56827,5.78553,2.72913,5.94639,2.88999,6.10726,3.05086,6.26812,3.21172,6.42899,3.37258,6.58985,3.53345,6.75071,3.69431,6.91158,3.85517,7.07244,4.01604,7.23330,4.17690,7.39417,4.33776,7.55503,4.49863,7.71589,4.65949,7.87592,4.82031,8.03502,4.98105,8.16273,5.14013,8.18364,5.30632,8.18153,5.48071,8.18377,5.66394,8.18522,5.85639,8.13880,6.05615,8.08355,6.25615,8.04313,6.45615,8.06950,6.65615,8.02076,6.85615,8.01686,7.05615,8.05279,7.25615,8.06596,7.45615,8.03652,7.65615,8.07176,7.61651,8.11174
0.00000,0.20000,0.00000,0.40000,0.19955,0.60000,0.39869,0.80000,0.59742,1.00000,0.79571,1.20000,0.99356,1.40000,1.19096,1.60000,1.38790,1.80000,1.58436,2.00000,1.78036,2.20000,1.97588,2.40000,2.17093,2.60000,2.36551,2.80000,2.55817,3.00000,2.62919,3.20000,2.51674,3.40000,2.31926,3.60000,2.12092,3.80000,1.92175,4.00000,1.72180,4.20000,1.52291,4.40000,1.39516,4.60000,1.57460,4.80000,1.74995,4.98127,1.90923,5.14471,2.06813,5.30648,2.22838,5.46840,2.38987,5.63040,2.55189,5.79243,2.71392,5.95446,2.87595,6.11648,3.03797,6.27851,3.20000,6.44054,3.36203,6.60256,3.52405,6.76459,3.68608,6.92662,3.84811,7.08864,4.01014,7.25067,4.17216,7.41270,4.33419,7.57472,4.49622,7.73675,4.65824,7.89878,4.82027,8.06028,4.98227,8.19179,5.14275,8.21328,5.31055,8.21278,5.48671,8.21655,5.67188,8.21849,5.86639,8.17159,6.06639,8.11562,6.26639,8.07470,6.46639,8.10094,6.66639,8.05214,6.86639,8.04818,7.06639,8.08411,7.26639,8.09728,7.46639,8.06785,7.66639,8.10308,7.62675,8.14306
0.00000,0.20000,0.00000,0.40000,0.19928,0.60000,0.39814,0.80000,0.59658,1.00000,0.79459,1.20000,0.99215,1.40000,1.18925,1.60000,1.38589,1.80000,1.58205,2.00000,1.77774,2.20000,1.97254,2.40000,2.16605,2.60000,2.35829,2.80000,2.54925,3.00000,2.62295,3.20000,2.50892,3.40000,2.31114,3.60000,2.11251,3.80000,1.91307,4.00000,1.71307,4.20000,1.51389,4.40000,1.38578,4.60000,1.56894,4.80000,1.74414,4.98155,1.90336,5.14527,2.06230,5.30736,2.22267,5.46962,2.38433,5.63196,2.54672,5.79435,2.70910,5.95673,2.87148,6.11911,3.03386,6.28149,3.19624,6.44387,3.35862,6.60625,3.52101,6.76864,3.68339,6.93102,3.84577,7.09340,4.00815,7.25578,4.17053,7.41816,4.33291,7.58054,4.49530,7.74293,4.65768,7.90531,4.82006,8.06735,4.98242,8.19888,5.14325,8.21877,5.31135,8.21775,5.48780,8.22198,5.67329,8.22465,5.86819,8.17732,6.06819,8.12075,6.26819,8.07938,6.46819,8.10556,6.66819,8.05674,6.86819,8.05277,7.06819,8.08870,7.26819,8.10187,7.46819,8.07243,7.66819,8.10767,7.62854,8.14765
0.00000,0.20000,0.00000,0.40000,0.20000,0.60000,0.40000,0.80000,0.59976,1.00000,0.79910,1.20000,0.99799,1.40000,1.19642,1.60000,1.39439,1.80000,1.59188,2.00000,1.78889,2.20000,1.98541,2.40000,2.18144,2.60000,2.37629,2.80000,2.56982,3.00000,2.64710,3.20000,2.53231,3.40000,2.33523,3.60000,2.13725,3.80000,1.93842,4.00000,1.73877,4.20000,1.54013,4.40000,1.40987,4.60000,1.59557,4.79951,1.77080,4.97975,1.92999,5.14223,2.08861,5.30284,2.24855,5.46355,2.40930,5.62430,2.57005,5.78505,2.73080,5.94580,2.89155,6.10655,3.05230,6.26730,3.21305,6.42805,3.37380,6.58880,3.53455,6.74955,3.69530,6.91030,3.85605,7.07105,4.01680,7.23180,4.17755,7.39255,4.33830,7.55330,4.49905,7.71405,4.65980,7.87480,4.82055,8.03392,4.98122,8.16332,5.14032,8.18088,5.30638,8.17887,5.48065,8.18298,5.66383,8.18579,5.85631,8.13902,6.05608,8.08170,6.25608,8.03960,6.45608,8.06575,6.65608,8.01693,6.85608,8.01294,7.05608,8.04887,7.25607,8.06204,7.45607,8.03261,7.65607,8.06784,7.61643,8.10782
0.00000,0.20000,0.00000,0.40000,0.19615,0.60000,0.39183,0.80000,0.58704,1.00000,0.78175,1.20000,0.97597,1.40000,1.16969,1.60000,1.36291,1.80000,1.55562,2.00000,1.74784,2.20000,1.93957,2.40000,2.13042,2.60000,2.31998,2.80000,2.50825,3.00000,2.58279,3.20000,2.46095,3.40000,2.26095,3.60000,2.06095,3.80000,1.86095,4.00000,1.66095,4.20000,1.46095,4.40000,1.32414,4.60000,1.50877,4.80000,1.68324,4.98456,1.84207,5.15117,2.00122,5.31663,2.16211,5.48240,2.32467,5.64841,2.48876,5.81460,2.65424,5.98089,2.82057,6.14722,2.98690,6.31356,3.15323,6.47989,3.31957,6.64622,3.48590,6.81255,3.65223,6.97889,3.81856,7.14522,3.98490,7.31155,4.15123,7.47788,4.31756,7.64422,4.48390,7.81055,4.65023,7.97688,4.81656,8.14322,4.98289,8.28156,5.14783,8.30301,5.32037,8.30440,5.50161,8.31221,5.69230,8.31631,5.89230,8.26787,6.09230,8.20990,6.29230,8.16736,6.49230,8.19343,6.69230,8.14461,6.89230,8.14062,7.09230,8.17655,7.29230,8.18972,7.49230,8.16029,7.69230,8.19552,7.65265,8.23550
0.00000,0.20000,0.00000,0.40000,0.19348,0.60000,0.38645,0.80000,0.57889,1.00000,0.77080,1.20000,0.96217,1.40000,1.15301,1.60000,1.34331,1.80000,1.53309,2.00000,1.72234,2.20000,1.91110,2.40000,2.09936,2.60000,2.28715,2.80000,2.47450,3.00000,2.55102,3.20000,2.42685,3.40000,2.22685,3.60000,2.02685,3.80000,1.82685,4.00000,1.62685,4.20000,1.42685,4.40000,1.28838,4.60000,1.47720,4.80000,1.65413,4.98614,1.81511,5.15413,1.97656,5.32108,2.13972,5.48830,2.30449,5.65573,2.47071,5.82329,2.63822,5.99092,2.80586,6.15856,2.97349,6.32619,3.14113,6.49383,3.30876,6.66146,3.47640,6.82910,3.64403,6.99673,3.81167,7.16437,3.97930,7.33200,4.14694,7.49964,4.31457,7.66727,4.48221,7.83491,4.64984,8.00254,4.81748,8.17018,4.98511,8.30851,5.15128,8.32761,5.32523,8.32759,5.50787,8.33493,5.70001,8.33871,5.90001,8.29038,6.10001,8.23155,6.30001,8.18824,6.50001,8.21427,6.70001,8.16544,6.90001,8.16145,7.10001,8.19738,7.30001,8.21055,7.50001,8.18112,7.70001,8.21635,7.66036,8.25634
0.00000,0.20000,0.00000,0.40000,0.19907,0.60000,0.39771,0.80000,0.59589,1.00000,0.79362,1.20000,0.99086,1.40000,1.18761,1.60000,1.38386,1.80000,1.57960,2.00000,1.77483,2.20000,1.96954,2.40000,2.16374,2.60000,2.35743,2.80000,2.55062,3.00000,2.63523,3.20000,2.51476,3.40000,2.31570,3.60000,2.11573,3.80000,1.91573,4.00000,1.71573,4.20000,1.51660,4.40000,1.37934,4.60000,1.57229,4.80000,1.74857,4.98139,1.90873,5.14489,2.06852,5.30669,2.22964,5.46860,2.39159,5.63055,2.55354,5.79250,2.71549,5.95445,2.87743,6.11640,3.03938,6.27834,3.20133,6.44029,3.36328,6.60224,3.52523,6.76419,3.68718,6.92614,3.84912,7.08809,4.01107,7.25003,4.17302,7.41198,4.33497,7.57393,4.49692,7.73588,4.65886,7.89783,4.82081,8.05871,4.98271,8.18966,5.14306,8.20519,5.31047,8.20334,5.48616,8.20946,5.67094,8.21231,5.86510,8.16495,6.06510,8.10563,6.26510,8.06198,6.46510,8.08797,6.66510,8.03915,6.86510,8.03516,7.06510,8.07109,7.26510,8.08426,7.46510,8.05482,7.66510,8.09006,7.62546,8.13004
0.00000,0.20000,0.00000,0.40000,0.20000,0.60000,0.40000,0.80000,0.59977,1.00000,0.79911,1.20000,0.99802,1.40000,1.19649,1.60000,1.39449,1.80000,1.59202,2.00000,1.78909,2.20000,1.98514,2.40000,2.17989,2.60000,2.37333,2.80000,2.56548,3.00000,2.65228,3.20000,2.52970,3.40000,2.33342,3.60000,2.13626,3.80000,1.93835,4.00000,1.73970,4.20000,1.54217,4.40000,1.40200,4.60000,1.59384,4.79990,1.76917,4.98021,1.92845,5.14274,2.08720,5.30346,2.24727,5.46427,2.40812,5.62512,2.56897,5.78597,2.72982,5.94682,2.89067,6.10767,3.05152,6.26852,3.21237,6.42937,3.37322,6.59022,3.53407,6.75107,3.69492,6.91192,3.85577,7.07277,4.01662,7.23362,4.17747,7.39447,4.33832,7.55532,4.49917,7.71617,4.66002,7.87615,4.82083,8.03521,4.98155,8.16726,5.14083,8.18355,5.30705,8.18270,5.48154,8.18967,5.66510,8.19379,5.85804,8.15074,6.05804,8.09524,6.25804,8.05604,6.45804,8.08782,6.65804,8.04586,6.85804,8.04592,7.05804,8.08185,7.25804,8.09502,7.45804,8.06558,7.65804,8.10082,7.61840,8.14080
0.00000,0.20000,0.00000,0.40000,0.19246,0.60000,0.38440,0.80000,0.57583,1.00000,0.76674,1.20000,0.95713,1.40000,1.14700,1.60000,1.33636,1.80000,1.52521,2.00000,1.71356,2.20000,1.90143,2.40000,2.08884,2.60000,2.27580,2.80000,2.46234,3.00000,2.54566,3.20000,2.41550,3.40000,2.21550,3.60000,2.01550,3.80000,1.81550,4.00000,1.61550,4.20000,1.41550,4.40000,1.26907,4.60000,1.45680,4.80000,1.63366,4.98716,1.79462,5.15612,1.95621,5.32419,2.11960,5.49259,2.28467,5.66124,2.45132,5.83007,2.61936,5.99901,2.78834,6.16799,2.95732,6.33697,3.12630,6.50596,3.29529,6.67494,3.46427,6.84392,3.63325,7.01290,3.80223,7.18189,3.97122,7.35087,4.14020,7.51985,4.30918,7.68883,4.47816,7.85782,4.64715,8.02680,4.81613,8.19578,4.98511,8.33895,5.15280,8.35806,5.32835,8.35923,5.51272,8.36718,5.70672,8.37095,5.90672,8.32657,6.10672,8.27022,6.30672,8.23024,6.50672,8.26189,6.70672,8.21984,6.90672,8.21984,7.10672,8.25577,7.30672,8.26894,7.50672,8.23951,7.70672,8.27474,7.66707,8.31472
