0.04055,0.07440,0.09059,0.13294,0.08081,0.11939,0.11171,0.07830,0.06437,0.15386,0.00470,0.23002,0.00884,0.21252,0.00000,0.22973,0.00149,0.32575,0.06690,0.40963,0.06006,0.37663,0.10741,0.45406
0.09629,0.12975,0.19820,0.24031,0.23595,0.27506,0.30964,0.27814,0.29994,0.39337,0.27238,0.50430,0.30284,0.51632,0.28872,0.55751,0.30837,0.67170,0.38596,0.76775,0.38521,0.74084,0.43256,0.81827
0.14831,0.18064,0.30129,0.34109,0.38886,0.42445,0.51068,0.47448,0.54684,0.63445,0.56213,0.78726,0.63145,0.83738,0.65103,0.91176,0.69759,1.05284,0.79428,1.16800,0.80348,1.15105,0.85083,1.22847
0.19815,0.23010,0.40066,0.43969,0.53735,0.57173,0.70769,0.66982,0.79148,0.87696,0.85310,1.07561,0.96672,1.16962,1.02747,1.28479,1.10992,1.46178,1.23460,1.60493,1.25967,1.60384,1.30703,1.68127
0.24720,0.27902,0.49868,0.53743,0.68419,0.71814,0.90314,0.86467,1.03525,1.11993,1.14467,1.36620,1.30526,1.50698,1.41151,1.66748,1.53652,1.88702,1.69803,2.06700,1.74715,2.08996,1.79450,2.16739
0.29593,0.32771,0.59612,0.63477,0.83031,0.86409,1.09788,1.05918,1.27851,1.36290,1.43629,1.65745,1.64493,1.84621,1.79866,2.05411,1.96985,2.31984,2.17449,2.54294,2.25683,2.59912,2.30418,2.67655
0.34450,0.37626,0.69327,0.73188,0.97605,1.00977,1.29221,1.25342,1.52141,1.60569,1.72772,1.94875,1.98481,2.18592,2.18679,2.44204,2.40574,2.75553,2.65681,3.02506,2.77995,3.12204,2.82730,3.19947
0.39298,0.42473,0.79024,0.82884,1.12154,1.15524,1.48624,1.44743,1.76400,1.84824,2.01889,2.23986,2.32454,2.52559,2.57504,2.83022,2.84235,3.19206,3.14128,3.50946,3.30971,3.65174,3.35706,3.72917
0.44138,0.47313,0.88708,0.92567,1.26683,1.30053,1.68002,1.64120,2.00631,2.09053,2.30976,2.53071,2.66399,2.86502,2.96308,3.21824,3.27895,3.62864,3.62628,3.99443,3.84209,4.18409,3.88883,4.26051
0.48938,0.52112,0.98304,1.02163,1.41073,1.44442,1.87182,1.83299,2.24595,2.33017,2.59715,2.81810,2.99901,3.20003,3.34549,3.60064,3.70832,4.05800,4.10169,4.46983,4.28816,4.63762,4.31360,4.67921
0.53606,0.56780,1.07618,1.11477,1.55006,1.58375,2.05700,2.01817,2.47654,2.56075,2.87254,3.09349,3.31832,3.51933,3.70732,3.96246,4.11017,4.45984,4.42189,4.78476,4.53826,4.89076,4.55178,4.91287
0.58195,0.61370,1.16759,1.20618,1.68653,1.72022,2.23793,2.19910,2.70113,2.78534,3.13967,3.36062,3.62629,3.82731,4.05330,4.30843,4.41609,4.74866,4.61141,4.95169,4.68092,5.01549,4.68884,5.02844
0.62767,0.66028,1.25856,1.29902,1.82216,1.85891,2.41745,2.38310,2.92347,3.01392,3.40325,3.63268,3.92855,4.14108,4.37533,4.64429,4.60824,4.92534,4.72335,5.04553,4.77816,5.09612,4.78569,5.10843
0.67178,0.70672,1.34594,1.39149,1.95170,1.99691,2.58765,2.56595,3.13213,3.24063,3.64688,3.90176,4.20075,4.44992,4.53470,4.83063,4.69360,5.02373,4.77872,5.11354,4.84056,5.17100,4.84839,5.18379
0.71361,0.75838,1.42814,1.49527,2.07226,2.15337,2.74360,2.77583,3.31873,3.50491,3.85553,4.22180,4.39631,4.80587,4.59998,5.05115,4.71779,5.19813,4.84921,5.33814,4.95019,5.43273,4.96161,5.45141
0.74529,0.81146,1.48664,1.60205,2.15009,2.31458,2.82842,2.99237,3.38990,3.77792,3.88424,4.55273,4.29831,5.07701,4.50134,5.33716,4.73386,5.63260,5.00431,5.92206,5.22475,6.13039,5.25684,6.18285
0.76730,0.86700,1.51880,1.71395,2.17228,2.48379,2.81364,3.21997,3.31708,4.06515,3.74513,4.90106,4.07205,5.39615,4.43288,5.88126,4.88426,6.44356,5.41352,6.99898,5.96595,7.52526,6.01330,7.60268
0.81469,0.91981,1.60802,1.82001,2.28731,2.64358,2.92892,3.43400,3.41273,4.33398,3.81056,5.22529,4.15306,5.77111,4.64609,6.40262,5.25597,7.12028,5.99612,7.86274,6.60740,8.39232,6.65476,8.46975
0.86610,0.96034,1.71012,1.90020,2.43651,2.76244,3.11287,3.59037,3.60735,4.52650,3.99330,5.39654,4.37511,5.95797,4.90880,6.59419,5.54246,7.28161,6.33652,7.98489,6.99947,8.46280,7.04682,8.54023
0.90675,0.99816,1.78669,1.97428,2.53889,2.87088,3.21925,3.73086,3.68932,4.69610,4.05162,5.48007,4.48252,6.07406,5.06670,6.72782,5.78748,7.43654,6.63228,8.08498,7.34528,8.51285,7.39264,8.59028
0.95069,1.00000,1.87116,2.00000,2.65449,2.93798,3.33484,3.83769,3.76790,4.83769,4.10971,5.53490,4.57965,6.15592,5.20311,6.81800,6.06002,7.56465,6.95458,8.16029,7.71711,8.53863,7.76446,8.61606
0.99331,1.00000,1.95238,2.00000,2.76514,2.98383,3.44760,3.92843,3.84326,4.92843,4.16623,5.54258,4.65288,6.17128,5.29010,6.82372,6.19857,7.53235,7.14268,8.08222,7.95469,8.41109,8.00204,8.48851
1.00000,1.00000,2.00000,2.00000,2.84755,3.00000,3.53724,3.98682,3.91102,4.98682,4.21733,5.53790,4.70831,6.16405,5.34247,6.80132,6.28033,7.48087,7.23934,7.98828,8.03149,8.26759,8.07884,8.34501
1.00000,1.00000,2.00000,2.00000,2.87585,3.00000,3.56363,4.00000,3.90707,5.00000,4.22493,5.54646,4.74131,6.19984,5.40185,6.85663,6.36813,7.51672,7.32723,7.98449,8.06965,8.21407,8.11701,8.29149
1.00000,1.00000,1.99975,2.00000,2.89181,3.00000,3.56229,4.00000,3.86543,5.00000,4.20636,5.56729,4.76626,6.24775,5.46854,6.93982,6.46854,7.59035,7.42778,8.02286,8.12037,8.20259,8.16772,8.28002
1.00000,1.00000,2.00000,2.00000,2.91493,3.00000,3.57491,4.00000,3.84496,5.00000,4.20742,5.57752,4.80329,6.26257,5.52925,6.96242,6.52925,7.59336,7.48870,7.98344,8.13139,8.11329,8.17874,8.19071
1.00000,1.00000,1.99933,2.00000,2.92530,3.00000,3.56219,4.00000,3.79088,5.00000,4.17982,5.60456,4.83194,6.31693,5.57443,7.05381,6.57443,7.67513,7.53419,8.02893,8.12696,8.10886,8.17432,8.18629
1.00000,1.00000,2.00000,2.00000,2.94529,3.00000,3.56713,4.00000,3.76102,5.00000,4.17431,5.61949,4.87154,6.34208,5.60681,7.07735,6.60681,7.67903,7.56705,7.99025,8.10990,8.02024,8.15725,8.09767
1.00000,1.00000,1.99862,2.00000,2.94568,3.00000,3.54231,4.00000,3.69625,5.00000,4.13483,5.65188,4.89335,6.41040,5.65188,7.16892,6.65188,7.76785,7.61289,8.05013,8.10579,8.05016,8.15315,8.12759
1.00000,1.00000,2.00000,2.00000,2.96062,3.00000,3.54620,4.00000,3.67248,5.00000,4.13034,5.66376,4.89705,6.43047,5.66376,7.19718,6.66376,7.78130,7.62602,8.02664,8.06896,7.99670,8.11632,8.07413
1.00000,1.00000,1.99921,2.00000,2.96643,3.00000,3.53019,4.00000,3.61928,5.00000,4.10275,5.69036,4.89656,6.48416,5.69036,7.27796,6.69036,7.85403,7.65465,8.06529,8.04763,8.02535,8.09499,8.10278
1.00000,1.00000,2.00000,2.00000,2.98396,3.00000,3.53208,4.00000,3.58783,5.00000,4.09735,5.70608,4.90172,6.51045,5.70608,7.31482,6.70608,7.87250,7.67377,8.04186,8.01679,7.98193,8.06414,8.05936
1.00000,1.00000,2.00000,2.00000,2.99174,3.00000,3.51467,4.00000,3.53009,5.00000,4.06956,5.73496,4.90226,6.56765,5.73496,7.40035,6.73496,7.94849,7.70812,8.08121,8.00118,8.01129,8.04853,8.08872
1.00000,1.00000,1.99759,2.00000,2.99169,3.00000,3.49466,4.00000,3.47408,5.00000,4.04923,5.76296,4.90610,6.61982,5.76296,7.47628,6.76296,8.00737,7.76296,8.10356,8.02603,8.02365,8.07339,8.10107
1.00000,1.00000,2.00000,2.00000,3.00000,3.00000,3.50103,4.00000,3.46132,5.00000,4.06011,5.76934,4.91472,6.62289,5.76881,7.47209,6.76881,7.98054,7.76881,8.04418,7.99190,7.96427,8.03926,8.04169
1.00000,1.00000,1.99946,2.00000,2.99637,3.00000,3.48525,4.00000,3.41831,5.00000,4.04726,5.79085,4.91905,6.66264,5.79085,7.53443,6.79085,8.02748,7.79085,8.07731,8.00395,8.02739,8.05130,8.10481
1.00000,1.00000,2.00000,2.00000,3.00000,3.00000,3.48795,4.00000,3.40310,5.00000,4.06098,5.79845,4.92971,6.66718,5.79845,7.53575,6.79845,8.00175,7.79845,8.02729,8.00155,7.99736,8.04891,8.07478
1.00000,1.00000,2.00000,2.00000,3.00000,3.00000,3.48105,4.00000,3.37335,5.00000,4.06171,5.81332,4.93752,6.68913,5.81332,7.56055,6.81332,8.00575,7.81332,8.01356,8.00643,8.00361,8.05378,8.08103
1.00000,1.00000,2.00000,2.00000,3.00000,3.00000,3.47842,4.00000,3.35440,5.00000,4.06623,5.82280,4.94452,6.70109,5.82280,7.57503,6.82280,8.00294,7.82280,7.99712,7.99590,7.98716,8.04326,8.06459
1.00000,1.00000,1.99965,2.00000,2.99754,3.00000,3.46727,4.00000,3.32234,5.00000,4.05895,5.83883,4.94889,6.72877,5.83883,7.61857,6.83883,8.03481,7.83883,8.02964,8.00193,8.02967,8.04928,8.10710
1.00000,1.00000,2.00000,2.00000,2.99871,3.00000,3.46778,4.00000,3.30920,5.00000,4.06986,5.84540,4.95763,6.73231,5.84497,7.61542,6.84497,8.01145,7.84497,7.99527,7.99806,7.98530,8.04542,8.06273
1.00000,1.00000,2.00000,2.00000,3.00000,3.00000,3.46413,4.00000,3.28802,5.00000,4.07283,5.85599,4.96441,6.74757,5.85599,7.63551,6.85599,8.01574,7.85599,7.99963,7.99908,7.99965,8.04643,8.07707
1.00000,1.00000,2.00000,2.00000,3.00000,3.00000,3.46231,4.00000,3.27048,5.00000,4.08275,5.86476,4.97376,6.75477,5.86426,7.64098,6.86426,8.00009,7.86426,7.98420,7.99735,7.98421,8.04471,8.06164
1.00000,1.00000,1.99858,2.00000,2.99537,3.00000,3.44869,4.00000,3.23542,5.00000,4.07577,5.88229,4.97903,6.78555,5.88229,7.68819,6.88229,8.03550,7.88229,8.01961,8.00538,8.01962,8.05273,8.09704
1.00000,1.00000,1.99855,2.00000,2.99524,3.00000,3.44312,4.00000,3.21175,5.00000,4.07859,5.89413,4.98636,6.80189,5.89413,7.70966,6.89413,8.04125,7.89413,8.02533,8.00721,8.02533,8.05457,8.10276
0.99724,1.00000,1.99234,2.00000,2.98533,3.00000,3.42758,4.00000,3.17719,5.00000,4.07703,5.91140,4.99422,6.82859,5.91140,7.74577,6.91140,8.06084,7.91140,8.04491,8.01449,8.04490,8.06184,8.12233
1.00000,1.00000,1.99850,2.00000,2.99503,3.00000,3.43470,4.00000,3.16813,5.00000,4.08407,5.91593,5.00000,6.83187,5.91593,7.74780,6.91593,8.04263,7.91593,8.02669,8.00902,8.02668,8.05637,8.10411
1.00000,1.00000,1.99848,2.00000,2.99489,3.00000,3.43195,4.00000,3.14841,5.00000,4.07420,5.92580,5.00000,6.85159,5.92580,7.77739,6.92580,8.05118,7.92580,8.03524,8.00888,8.03522,8.05623,8.11265
1.00000,1.00000,1.99970,2.00000,2.99746,3.00000,3.43611,4.00000,3.13866,5.00000,4.06933,5.93067,5.00000,6.86134,5.93067,7.78740,6.93067,8.03533,7.93067,8.01433,8.00375,8.01431,8.05110,8.09173
1.00000,1.00000,1.99847,2.00000,2.99480,3.00000,3.43085,4.00000,3.11559,5.00000,4.05779,5.94221,5.00000,6.88441,5.94221,7.82197,6.94221,8.04845,7.94221,8.02740,8.00529,8.02737,8.05264,8.10480
1.00000,1.00000,1.99846,2.00000,2.99480,3.00000,3.42825,4.00000,3.09538,5.00000,4.04769,5.95231,5.00000,6.90462,5.95231,7.85224,6.95231,8.05723,7.95231,8.03616,8.00539,8.03613,8.05274,8.11356
1.00000,1.00000,1.99848,2.00000,2.99482,3.00000,3.42860,4.00000,3.08041,5.00000,4.04020,5.95980,5.00000,6.91959,5.95980,7.86979,6.95980,8.04873,7.95980,8.02257,8.01287,8.02254,8.06023,8.09997
1.00000,1.00000,1.99847,2.00000,2.99484,3.00000,3.42603,4.00000,3.06004,5.00000,4.03002,5.96998,5.00000,6.93996,5.96998,7.90021,6.96998,8.05765,7.96998,8.03144,8.01305,8.03141,8.06041,8.10883
1.00000,1.00000,2.00000,2.00000,3.00000,3.00000,3.43286,4.00000,3.05302,5.00000,4.02651,5.97349,5.00000,6.94698,5.97349,7.90579,6.97349,8.03715,7.97349,8.00591,8.00656,8.00587,8.05391,8.08329
1.00000,1.00000,1.99847,2.00000,2.99481,3.00000,3.42508,4.00000,3.02713,5.00000,4.01357,5.98643,5.00000,6.97287,5.98643,7.94437,6.98643,8.05423,7.98643,8.02289,8.00951,8.02285,8.05686,8.10028
1.00000,1.00000,1.99847,2.00000,2.99482,3.00000,3.42250,4.00000,3.00683,5.00000,4.00341,5.99659,5.00000,6.99317,5.99659,7.97465,6.99659,8.06300,7.99659,8.03164,8.00966,8.03159,8.05701,8.10902
1.00000,1.00000,1.99858,2.00000,2.99523,3.00000,3.42443,4.00000,2.99579,5.00000,3.99579,6.00000,4.99579,7.00000,5.99579,7.98483,6.99579,8.05168,7.99579,8.02030,7.99885,8.02024,8.04621,8.09767
1.00000,1.00000,1.99874,2.00000,2.99579,3.00000,3.43213,4.00000,2.99761,5.00000,3.99761,6.00000,4.99761,7.00000,5.99761,7.98485,6.99761,8.03020,7.99761,7.99881,8.00068,7.99876,8.04803,8.07619
0.99785,1.00000,1.99415,2.00000,2.98885,3.00000,3.43147,4.00000,2.99109,5.00000,3.98951,6.00000,4.98951,7.00000,5.98951,7.99869,6.98951,8.03497,7.98951,8.01359,8.00258,8.02353,8.04993,8.10096
0.99872,1.00000,1.99616,2.00000,2.99231,3.00000,3.43956,4.00000,2.99355,5.00000,3.98914,6.00000,4.98914,7.00000,5.98914,8.00000,6.98914,8.02756,7.98914,8.00617,7.99221,8.01610,8.03956,8.09353
0.99883,1.00000,1.99654,2.00000,2.99313,3.00000,3.44581,4.00000,2.99667,5.00000,3.99300,6.00000,4.99300,7.00000,5.99300,8.00000,6.99300,8.02732,7.99300,8.00592,7.99607,8.01585,8.04342,8.09327
0.99825,1.00000,1.99537,2.00000,2.99140,3.00000,3.44834,4.00000,2.99541,5.00000,3.99193,6.00000,4.99193,7.00000,5.99193,8.00000,6.99193,8.02725,7.99193,8.00584,8.00499,8.01576,8.05235,8.09319
0.99885,1.00000,1.99662,2.00000,2.99331,3.00000,3.45362,4.00000,2.99608,5.00000,3.99251,6.00000,4.99251,7.00000,5.99251,8.00000,6.99251,8.02722,7.99251,8.00581,7.99558,8.01572,8.04293,8.09314
0.99826,1.00000,1.99541,2.00000,2.99148,3.00000,3.45592,4.00000,2.99460,5.00000,3.99114,6.00000,4.99114,7.00000,5.99114,8.00000,6.99114,8.02721,7.99114,8.00578,8.00421,8.01569,8.05156,8.09311
0.99827,1.00000,1.99545,2.00000,2.99154,3.00000,3.46074,4.00000,2.99627,5.00000,3.99287,6.00000,4.99287,7.00000,5.99287,8.00000,6.99287,8.02720,7.99287,8.00577,8.00594,8.01567,8.05329,8.09309
0.99886,1.00000,1.99663,2.00000,2.99335,3.00000,3.46586,4.00000,2.99680,5.00000,3.99326,6.00000,4.99326,7.00000,5.99326,8.00000,6.99326,8.02719,7.99326,8.00576,7.99633,8.01565,8.04368,8.09307
0.99826,1.00000,1.99541,2.00000,2.99149,3.00000,3.46811,4.00000,2.99526,5.00000,3.99182,6.00000,4.99182,7.00000,5.99182,8.00000,6.99182,8.02718,7.99182,8.00574,8.00488,8.01563,8.05224,8.09305
0.99885,1.00000,1.99663,2.00000,2.99333,3.00000,3.47329,4.00000,2.99584,5.00000,3.99229,6.00000,4.99229,7.00000,5.99229,8.00000,6.99229,8.02717,7.99229,8.00573,7.99535,8.01560,8.04271,8.09303
0.99887,1.00000,1.99668,2.00000,2.99342,3.00000,3.47815,4.00000,2.99756,5.00000,3.99411,6.00000,4.99411,7.00000,5.99411,8.00000,6.99411,8.02717,7.99411,8.00571,7.99718,8.01558,8.04453,8.09301
0.99827,1.00000,1.99543,2.00000,2.99153,3.00000,3.48032,4.00000,2.99595,5.00000,3.99253,6.00000,4.99253,7.00000,5.99253,8.00000,6.99253,8.02716,7.99253,8.00570,8.00560,8.01556,8.05295,8.09299
0.99885,1.00000,1.99663,2.00000,2.99334,3.00000,3.48547,4.00000,2.99650,5.00000,3.99295,6.00000,4.99295,7.00000,5.99295,8.00000,6.99295,8.02715,7.99295,8.00569,7.99602,8.01554,8.04337,8.09297
0.99826,1.00000,1.99541,2.00000,2.99149,3.00000,3.48772,4.00000,2.99497,5.00000,3.99152,6.00000,4.99152,7.00000,5.99152,8.00000,6.99152,8.02715,7.99152,8.00568,8.00458,8.01552,8.05194,8.09295
0.99885,1.00000,1.99663,2.00000,2.99333,3.00000,3.49290,4.00000,2.99555,5.00000,3.99199,6.00000,4.99199,7.00000,5.99199,8.00000,6.99199,8.02714,7.99199,8.00566,7.99505,8.01550,8.04241,8.09293
0.99886,1.00000,1.99665,2.00000,2.99337,3.00000,3.49768,4.00000,2.99718,5.00000,3.99367,6.00000,4.99367,7.00000,5.99367,8.00000,6.99367,8.02713,7.99367,8.00565,7.99674,8.01548,8.04409,8.09291
0.99826,1.00000,1.99542,2.00000,2.99150,3.00000,3.49990,4.00000,2.99562,5.00000,3.99218,6.00000,4.99218,7.00000,5.99218,8.00000,6.99218,8.02713,7.99218,8.00564,8.00525,8.01547,8.05260,8.09289
0.99885,1.00000,1.99663,2.00000,2.99333,3.00000,3.50506,4.00000,2.99619,5.00000,3.99263,6.00000,4.99263,7.00000,5.99263,8.00000,6.99263,8.02712,7.99263,8.00562,7.99570,8.01544,8.04305,8.09287
0.99826,1.00000,1.99541,2.00000,2.99149,3.00000,3.50732,4.00000,2.99466,5.00000,3.99121,6.00000,4.99121,7.00000,5.99121,8.00000,6.99121,8.02711,7.99121,8.00561,8.00428,8.01542,8.05163,8.09285
0.99827,1.00000,1.99545,2.00000,2.99155,3.00000,3.51212,4.00000,2.99632,5.00000,3.99292,6.00000,4.99292,7.00000,5.99292,8.00000,6.99292,8.02711,7.99292,8.00560,8.00598,8.01540,8.05334,8.09283
0.99886,1.00000,1.99663,2.00000,2.99335,3.00000,3.51724,4.00000,2.99684,5.00000,3.99330,6.00000,4.99330,7.00000,5.99330,8.00000,6.99330,8.02710,7.99330,8.00559,7.99637,8.01539,8.04372,8.09281
0.99826,1.00000,1.99541,2.00000,2.99149,3.00000,3.51948,4.00000,2.99530,5.00000,3.99186,6.00000,4.99186,7.00000,5.99186,8.00000,6.99186,8.02709,7.99186,8.00558,8.00492,8.01537,8.05227,8.09279
0.99885,1.00000,1.99663,2.00000,2.99333,3.00000,3.52466,4.00000,2.99588,5.00000,3.99232,6.00000,4.99232,7.00000,5.99232,8.00000,6.99232,8.02709,7.99232,8.00556,7.99538,8.01534,8.04274,8.09277
0.99887,1.00000,1.99668,2.00000,2.99342,3.00000,3.52952,4.00000,2.99759,5.00000,3.99414,6.00000,4.99414,7.00000,5.99414,8.00000,6.99414,8.02708,7.99414,8.00555,7.99721,8.01532,8.04456,8.09275
0.99827,1.00000,1.99543,2.00000,2.99152,3.00000,3.53169,4.00000,2.99598,5.00000,3.99257,6.00000,4.99257,7.00000,5.99257,8.00000,6.99257,8.02707,7.99257,8.00554,8.00563,8.01531,8.05298,8.09273
0.99885,1.00000,1.99663,2.00000,2.99334,3.00000,3.53683,4.00000,2.99652,5.00000,3.99298,6.00000,4.99298,7.00000,5.99298,8.00000,6.99298,8.02707,7.99298,8.00552,7.99604,8.01529,8.04339,8.09271
0.99826,1.00000,1.99541,2.00000,2.99149,3.00000,3.53907,4.00000,2.99499,5.00000,3.99154,6.00000,4.99154,7.00000,5.99154,8.00000,6.99154,8.02706,7.99154,8.00551,8.00460,8.01527,8.05196,8.09269
0.99885,1.00000,1.99663,2.00000,2.99333,3.00000,3.54425,4.00000,2.99557,5.00000,3.99201,6.00000,4.99201,7.00000,5.99201,8.00000,6.99201,8.02705,7.99201,8.00549,7.99507,8.01524,8.04243,8.09267
0.99886,1.00000,1.99665,2.00000,2.99337,3.00000,3.54903,4.00000,2.99720,5.00000,3.99369,6.00000,4.99369,7.00000,5.99369,8.00000,6.99369,8.02705,7.99369,8.00548,7.99675,8.01523,8.04410,8.09265
0.99826,1.00000,1.99542,2.00000,2.99150,3.00000,3.55124,4.00000,2.99564,5.00000,3.99220,6.00000,4.99220,7.00000,5.99220,8.00000,6.99220,8.02704,7.99220,8.00547,8.00526,8.01521,8.05261,8.09264
0.99885,1.00000,1.99663,2.00000,2.99333,3.00000,3.55641,4.00000,2.99620,5.00000,3.99265,6.00000,4.99265,7.00000,5.99265,8.00000,6.99265,8.02703,7.99265,8.00546,7.99571,8.01519,8.04306,8.09262
0.99826,1.00000,1.99541,2.00000,2.99149,3.00000,3.55866,4.00000,2.99467,5.00000,3.99122,6.00000,4.99122,7.00000,5.99122,8.00000,6.99122,8.02703,7.99122,8.00544,8.00428,8.01517,8.05164,8.09259
0.99827,1.00000,1.99545,2.00000,2.99155,3.00000,3.56346,4.00000,2.99633,5.00000,3.99293,6.00000,4.99293,7.00000,5.99293,8.00000,6.99293,8.02702,7.99293,8.00543,8.00599,8.01515,8.05334,8.09258
0.99886,1.00000,1.99663,2.00000,2.99335,3.00000,3.56858,4.00000,2.99685,5.00000,3.99331,6.00000,4.99331,7.00000,5.99331,8.00000,6.99331,8.02701,7.99331,8.00542,7.99637,8.01513,8.04372,8.09256
0.99826,1.00000,1.99541,2.00000,2.99149,3.00000,3.57081,4.00000,2.99531,5.00000,3.99186,6.00000,4.99186,7.00000,5.99186,8.00000,6.99186,8.02701,7.99186,8.00541,8.00492,8.01511,8.05227,8.09254
0.99885,1.00000,1.99663,2.00000,2.99333,3.00000,3.57599,4.00000,2.99588,5.00000,3.99232,6.00000,4.99232,7.00000,5.99232,8.00000,6.99232,8.02700,7.99232,8.00539,7.99538,8.01509,8.04274,8.09252
0.99887,1.00000,1.99668,2.00000,2.99342,3.00000,3.58084,4.00000,2.99759,5.00000,3.99414,6.00000,4.99414,7.00000,5.99414,8.00000,6.99414,8.02699,7.99414,8.00538,7.99720,8.01507,8.04455,8.09249
0.99827,1.00000,1.99543,2.00000,2.99152,3.00000,3.58301,4.00000,2.99598,5.00000,3.99256,6.00000,4.99256,7.00000,5.99256,8.00000,6.99256,8.02699,7.99256,8.00537,8.00562,8.01505,8.05297,8.09248
0.99885,1.00000,1.99663,2.00000,2.99334,3.00000,3.58815,4.00000,2.99652,5.00000,3.99297,6.00000,4.99297,7.00000,5.99297,8.00000,6.99297,8.02698,7.99297,8.00536,7.99603,8.01503,8.04338,8.09246
0.99826,1.00000,1.99541,2.00000,2.99149,3.00000,3.59039,4.00000,2.99498,5.00000,3.99154,6.00000,4.99154,7.00000,5.99154,8.00000,6.99154,8.02697,7.99154,8.00535,8.00459,8.01501,8.05195,8.09244
0.99885,1.00000,1.99662,2.00000,2.99333,3.00000,3.59557,4.00000,2.99556,5.00000,3.99200,6.00000,4.99200,7.00000,5.99200,8.00000,6.99200,8.02697,7.99200,8.00533,7.99506,8.01499,8.04241,8.09241
0.99886,1.00000,1.99665,2.00000,2.99337,3.00000,3.60034,4.00000,2.99719,5.00000,3.99368,6.00000,4.99368,7.00000,5.99368,8.00000,6.99368,8.02696,7.99368,8.00532,7.99674,8.01497,8.04409,8.09240
0.99826,1.00000,1.99542,2.00000,2.99150,3.00000,3.60255,4.00000,2.99562,5.00000,3.99219,6.00000,4.99219,7.00000,5.99219,8.00000,6.99219,8.02695,7.99219,8.00531,8.00524,8.01495,8.05260,8.09238
0.99885,1.00000,1.99663,2.00000,2.99333,3.00000,3.60771,4.00000,2.99618,5.00000,3.99263,6.00000,4.99263,7.00000,5.99263,8.00000,6.99263,8.02695,7.99263,8.00529,7.99569,8.01493,8.04304,8.09236
0.99826,1.00000,1.99541,2.00000,2.99148,3.00000,3.60996,4.00000,2.99466,5.00000,3.99121,6.00000,4.99121,7.00000,5.99121,8.00000,6.99121,8.02694,7.99121,8.00528,8.00426,8.01491,8.05161,8.09234
0.99827,1.00000,1.99545,2.00000,2.99155,3.00000,3.61476,4.00000,2.99631,5.00000,3.99291,6.00000,4.99291,7.00000,5.99291,8.00000,6.99291,8.02693,7.99291,8.00527,8.00596,8.01490,8.05332,8.09232
0.99885,1.00000,1.99663,2.00000,2.99334,3.00000,3.61987,4.00000,2.99682,5.00000,3.99329,6.00000,4.99329,7.00000,5.99329,8.00000,6.99329,8.02693,7.99329,8.00526,7.99634,8.01488,8.04369,8.09230
0.99826,1.00000,1.99541,2.00000,2.99149,3.00000,3.62211,4.00000,2.99528,5.00000,3.99183,6.00000,4.99183,7.00000,5.99183,8.00000,6.99183,8.02692,7.99183,8.00525,8.00489,8.01486,8.05224,8.09229
0.99885,1.00000,1.99662,2.00000,2.99333,3.00000,3.62728,4.00000,2.99585,5.00000,3.99229,6.00000,4.99229,7.00000,5.99229,8.00000,6.99229,8.02691,7.99229,8.00523,7.99535,8.01484,8.04270,8.09226
0.99887,1.00000,1.99668,2.00000,2.99342,3.00000,3.63213,4.00000,2.99756,5.00000,3.99411,6.00000,4.99411,7.00000,5.99411,8.00000,6.99411,8.02691,7.99411,8.00522,7.99717,8.01481,8.04452,8.09224
0.99827,1.00000,1.99543,2.00000,2.99152,3.00000,3.63430,4.00000,2.99594,5.00000,3.99253,6.00000,4.99253,7.00000,5.99253,8.00000,6.99253,8.02690,7.99253,8.00521,8.00558,8.01480,8.05294,8.09223
0.99885,1.00000,1.99663,2.00000,2.99334,3.00000,3.63943,4.00000,2.99648,5.00000,3.99294,6.00000,4.99294,7.00000,5.99294,8.00000,6.99294,8.02690,7.99294,8.00519,7.99599,8.01478,8.04335,8.09221
0.99826,1.00000,1.99541,2.00000,2.99149,3.00000,3.64167,4.00000,2.99495,5.00000,3.99150,6.00000,4.99150,7.00000,5.99150,8.00000,6.99150,8.02689,7.99150,8.00518,8.00455,8.01476,8.05190,8.09219
0.99885,1.00000,1.99662,2.00000,2.99333,3.00000,3.64685,4.00000,2.99552,5.00000,3.99196,6.00000,4.99196,7.00000,5.99196,8.00000,6.99196,8.02688,7.99196,8.00517,7.99502,8.01474,8.04237,8.09216
0.99886,1.00000,1.99665,2.00000,2.99337,3.00000,3.65162,4.00000,2.99715,5.00000,3.99363,6.00000,4.99363,7.00000,5.99363,8.00000,6.99363,8.02688,7.99363,8.00516,7.99669,8.01472,8.04404,8.09215
0.99826,1.00000,1.99542,2.00000,2.99150,3.00000,3.65383,4.00000,2.99558,5.00000,3.99214,6.00000,4.99214,7.00000,5.99214,8.00000,6.99214,8.02687,7.99214,8.00515,8.00519,8.01470,8.05255,8.09213
0.99885,1.00000,1.99663,2.00000,2.99333,3.00000,3.65899,4.00000,2.99614,5.00000,3.99258,6.00000,4.99258,7.00000,5.99258,8.00000,6.99258,8.02686,7.99258,8.00513,7.99564,8.01468,8.04299,8.09211
0.99826,1.00000,1.99541,2.00000,2.99148,3.00000,3.66123,4.00000,2.99461,5.00000,3.99116,6.00000,4.99116,7.00000,5.99116,8.00000,6.99116,8.02686,7.99116,8.00512,8.00421,8.01466,8.05156,8.09209
0.99827,1.00000,1.99545,2.00000,2.99154,3.00000,3.66603,4.00000,2.99625,5.00000,3.99286,6.00000,4.99286,7.00000,5.99286,8.00000,6.99286,8.02685,7.99286,8.00511,8.00591,8.01464,8.05326,8.09207
0.99885,1.00000,1.99663,2.00000,2.99334,3.00000,3.67114,4.00000,2.99677,5.00000,3.99323,6.00000,4.99323,7.00000,5.99323,8.00000,6.99323,8.02684,7.99323,8.00510,7.99628,8.01462,8.04364,8.09205
0.99826,1.00000,1.99541,2.00000,2.99149,3.00000,3.67337,4.00000,2.99522,5.00000,3.99178,6.00000,4.99178,7.00000,5.99178,8.00000,6.99178,8.02684,7.99178,8.00508,8.00483,8.01461,8.05218,8.09203
0.99885,1.00000,1.99662,2.00000,2.99333,3.00000,3.67854,4.00000,2.99579,5.00000,3.99224,6.00000,4.99224,7.00000,5.99224,8.00000,6.99224,8.02683,7.99224,8.00507,7.99529,8.01458,8.04264,8.09201
0.99886,1.00000,1.99666,2.00000,2.99339,3.00000,3.68334,4.00000,2.99745,5.00000,3.99396,6.00000,4.99396,7.00000,5.99396,8.00000,6.99396,8.02682,7.99396,8.00506,7.99701,8.01456,8.04437,8.09199
0.99826,1.00000,1.99542,2.00000,2.99151,3.00000,3.68553,4.00000,2.99586,5.00000,3.99243,6.00000,4.99243,7.00000,5.99243,8.00000,6.99243,8.02682,7.99243,8.00505,8.00548,8.01455,8.05284,8.09198
0.99885,1.00000,1.99663,2.00000,2.99333,3.00000,3.69067,4.00000,2.99641,5.00000,3.99286,6.00000,4.99286,7.00000,5.99286,8.00000,6.99286,8.02681,7.99286,8.00503,7.99591,8.01453,8.04326,8.09196
0.99826,1.00000,1.99541,2.00000,2.99148,3.00000,3.69292,4.00000,2.99487,5.00000,3.99142,6.00000,4.99142,7.00000,5.99142,8.00000,6.99142,8.02680,7.99142,8.00502,8.00447,8.01451,8.05183,8.09194
0.99885,1.00000,1.99662,2.00000,2.99333,3.00000,3.69809,4.00000,2.99545,5.00000,3.99189,6.00000,4.99189,7.00000,5.99189,8.00000,6.99189,8.02680,7.99189,8.00501,7.99494,8.01449,8.04229,8.09191
0.99886,1.00000,1.99665,2.00000,2.99337,3.00000,3.70286,4.00000,2.99707,5.00000,3.99356,6.00000,4.99356,7.00000,5.99356,8.00000,6.99356,8.02679,7.99356,8.00500,7.99661,8.01447,8.04396,8.09190
0.99826,1.00000,1.99542,2.00000,2.99150,3.00000,3.70506,4.00000,2.99550,5.00000,3.99206,6.00000,4.99206,7.00000,5.99206,8.00000,6.99206,8.02679,7.99206,8.00498,8.00511,8.01445,8.05247,8.09188
0.99885,1.00000,1.99663,2.00000,2.99333,3.00000,3.71022,4.00000,2.99606,5.00000,3.99251,6.00000,4.99251,7.00000,5.99251,8.00000,6.99251,8.02678,7.99251,8.00497,7.99555,8.01443,8.04291,8.09186
0.99826,1.00000,1.99541,2.00000,2.99148,3.00000,3.71247,4.00000,2.99453,5.00000,3.99108,6.00000,4.99108,7.00000,5.99108,8.00000,6.99108,8.02677,7.99108,8.00496,8.00412,8.01441,8.05148,8.09184
0.99827,1.00000,1.99544,2.00000,2.99154,3.00000,3.71725,4.00000,2.99617,5.00000,3.99277,6.00000,4.99277,7.00000,5.99277,8.00000,6.99277,8.02677,7.99277,8.00495,8.00582,8.01439,8.05317,8.09182
0.99885,1.00000,1.99663,2.00000,2.99334,3.00000,3.72236,4.00000,2.99668,5.00000,3.99315,6.00000,4.99315,7.00000,5.99315,8.00000,6.99315,8.02676,7.99315,8.00493,7.99620,8.01437,8.04355,8.09180
0.99826,1.00000,1.99541,2.00000,2.99149,3.00000,3.72460,4.00000,2.99514,5.00000,3.99169,6.00000,4.99169,7.00000,5.99169,8.00000,6.99169,8.02675,7.99169,8.00492,8.00474,8.01436,8.05209,8.09178
0.99885,1.00000,1.99662,2.00000,2.99333,3.00000,3.72976,4.00000,2.99570,5.00000,3.99215,6.00000,4.99215,7.00000,5.99215,8.00000,6.99215,8.02675,7.99215,8.00491,7.99519,8.01433,8.04255,8.09176
0.99886,1.00000,1.99666,2.00000,2.99339,3.00000,3.73456,4.00000,2.99736,5.00000,3.99387,6.00000,4.99387,7.00000,5.99387,8.00000,6.99387,8.02674,7.99387,8.00489,7.99692,8.01431,8.04427,8.09174
0.99826,1.00000,1.99542,2.00000,2.99151,3.00000,3.73674,4.00000,2.99577,5.00000,3.99234,6.00000,4.99234,7.00000,5.99234,8.00000,6.99234,8.02673,7.99234,8.00488,8.00539,8.01430,8.05274,8.09173
0.99885,1.00000,1.99663,2.00000,2.99333,3.00000,3.74189,4.00000,2.99631,5.00000,3.99276,6.00000,4.99276,7.00000,5.99276,8.00000,6.99276,8.02673,7.99276,8.00487,7.99581,8.01428,8.04316,8.09171
0.99826,1.00000,1.99541,2.00000,2.99148,3.00000,3.74413,4.00000,2.99478,5.00000,3.99133,6.00000,4.99133,7.00000,5.99133,8.00000,6.99133,8.02672,7.99133,8.00486,8.00437,8.01426,8.05172,8.09169
0.99828,1.00000,1.99546,2.00000,2.99158,3.00000,3.74896,4.00000,2.99646,5.00000,3.99309,6.00000,4.99309,7.00000,5.99309,8.00000,6.99309,8.02671,7.99309,8.00485,8.00614,8.01424,8.05349,8.09166
0.99886,1.00000,1.99664,2.00000,2.99335,3.00000,3.75404,4.00000,2.99694,5.00000,3.99342,6.00000,4.99342,7.00000,5.99342,8.00000,6.99342,8.02671,7.99342,8.00484,7.99646,8.01422,8.04382,8.09165
0.99826,1.00000,1.99541,2.00000,2.99149,3.00000,3.75626,4.00000,2.99539,5.00000,3.99195,6.00000,4.99195,7.00000,5.99195,8.00000,6.99195,8.02670,7.99195,8.00482,8.00499,8.01420,8.05234,8.09163
0.99885,1.00000,1.99662,2.00000,2.99333,3.00000,3.76142,4.00000,2.99595,5.00000,3.99239,6.00000,4.99239,7.00000,5.99239,8.00000,6.99239,8.02670,7.99239,8.00481,7.99544,8.01418,8.04279,8.09161
0.99887,1.00000,1.99668,2.00000,2.99342,3.00000,3.76626,4.00000,2.99765,5.00000,3.99420,6.00000,4.99420,7.00000,5.99420,8.00000,6.99420,8.02669,7.99420,8.00480,7.99724,8.01416,8.04460,8.09159
0.99827,1.00000,1.99543,2.00000,2.99152,3.00000,3.76842,4.00000,2.99603,5.00000,3.99261,6.00000,4.99261,7.00000,5.99261,8.00000,6.99261,8.02668,7.99261,8.00479,8.00566,8.01415,8.05301,8.09157
0.99885,1.00000,1.99663,2.00000,2.99334,3.00000,3.77354,4.00000,2.99656,5.00000,3.99301,6.00000,4.99301,7.00000,5.99301,8.00000,6.99301,8.02668,7.99301,8.00478,7.99606,8.01413,8.04341,8.09155
0.99826,1.00000,1.99541,2.00000,2.99149,3.00000,3.77578,4.00000,2.99501,5.00000,3.99157,6.00000,4.99157,7.00000,5.99157,8.00000,6.99157,8.02667,7.99157,8.00476,8.00461,8.01411,8.05196,8.09154
0.99885,1.00000,1.99662,2.00000,2.99333,3.00000,3.78094,4.00000,2.99558,5.00000,3.99202,6.00000,4.99202,7.00000,5.99202,8.00000,6.99202,8.02666,7.99202,8.00475,7.99507,8.01409,8.04242,8.09151
0.99886,1.00000,1.99665,2.00000,2.99337,3.00000,3.78570,4.00000,2.99720,5.00000,3.99369,6.00000,4.99369,7.00000,5.99369,8.00000,6.99369,8.02666,7.99369,8.00474,7.99673,8.01407,8.04409,8.09150
0.99826,1.00000,1.99542,2.00000,2.99150,3.00000,3.78791,4.00000,2.99563,5.00000,3.99219,6.00000,4.99219,7.00000,5.99219,8.00000,6.99219,8.02665,7.99219,8.00473,8.00523,8.01406,8.05259,8.09148
0.99885,1.00000,1.99662,2.00000,2.99333,3.00000,3.79306,4.00000,2.99618,5.00000,3.99263,6.00000,4.99263,7.00000,5.99263,8.00000,6.99263,8.02665,7.99263,8.00471,7.99567,8.01403,8.04302,8.09146
0.99826,1.00000,1.99541,2.00000,2.99148,3.00000,3.79530,4.00000,2.99464,5.00000,3.99119,6.00000,4.99119,7.00000,5.99119,8.00000,6.99119,8.02664,7.99119,8.00470,8.00423,8.01402,8.05159,8.09144
0.99823,1.00000,1.99533,2.00000,2.99133,3.00000,3.79811,4.00000,2.99251,5.00000,3.98895,6.00000,4.98895,7.00000,5.98895,8.00000,6.98895,8.02663,7.98895,8.00469,7.99697,8.01399,8.04433,8.09142
0.99887,1.00000,1.99668,2.00000,2.99344,3.00000,3.80493,4.00000,2.99615,5.00000,3.99269,6.00000,4.99269,7.00000,5.99269,8.00000,6.99269,8.02662,7.99269,8.00467,8.00073,8.01396,8.04808,8.09139
0.99823,1.00000,1.99533,2.00000,2.99133,3.00000,3.80544,4.00000,2.99138,5.00000,3.98782,6.00000,4.98782,7.00000,5.98782,8.00000,6.98782,8.02661,7.98782,8.00465,7.99586,8.01394,8.04321,8.09136
0.99824,1.00000,1.99537,2.00000,2.99141,3.00000,3.81021,4.00000,2.99297,5.00000,3.98948,6.00000,4.98948,7.00000,5.98948,8.00000,6.98948,8.02660,7.98948,8.00464,7.99752,8.01391,8.04487,8.09134
0.99887,1.00000,1.99669,2.00000,2.99346,3.00000,3.81695,4.00000,2.99653,5.00000,3.99310,6.00000,4.99310,7.00000,5.99310,8.00000,6.99310,8.02660,7.99310,8.00462,8.00114,8.01389,8.04849,8.09132
0.99823,1.00000,1.99533,2.00000,2.99134,3.00000,3.81744,4.00000,2.99175,5.00000,3.98820,6.00000,4.98820,7.00000,5.98820,8.00000,6.98820,8.02659,7.98820,8.00460,7.99624,8.01386,8.04359,8.09129
0.99887,1.00000,1.99668,2.00000,2.99344,3.00000,3.82425,4.00000,2.99538,5.00000,3.99193,6.00000,4.99193,7.00000,5.99193,8.00000,6.99193,8.02658,7.99193,8.00458,7.99998,8.01383,8.04733,8.09126
0.99888,1.00000,1.99670,2.00000,2.99347,3.00000,3.82895,4.00000,2.99690,5.00000,3.99348,6.00000,4.99348,7.00000,5.99348,8.00000,6.99348,8.02657,7.99348,8.00457,8.00153,8.01381,8.04888,8.09124
0.99823,1.00000,1.99533,2.00000,2.99134,3.00000,3.82943,4.00000,2.99210,5.00000,3.98856,6.00000,4.98856,7.00000,5.98856,8.00000,6.98856,8.02656,7.98856,8.00455,7.99661,8.01379,8.04397,8.09122
0.99887,1.00000,1.99668,2.00000,2.99345,3.00000,3.83624,4.00000,2.99573,5.00000,3.99228,6.00000,4.99228,7.00000,5.99228,8.00000,6.99228,8.02655,7.99228,8.00454,8.00034,8.01376,8.04769,8.09119
0.99888,1.00000,1.99672,2.00000,2.99351,3.00000,3.84099,4.00000,2.99730,5.00000,3.99393,6.00000,4.99393,7.00000,5.99393,8.00000,6.99393,8.02654,7.99393,8.00452,8.00199,8.01373,8.04934,8.09116
0.99823,1.00000,1.99534,2.00000,2.99136,3.00000,3.84144,4.00000,2.99248,5.00000,3.98895,6.00000,4.98895,7.00000,5.98895,8.00000,6.98895,8.02654,7.98895,8.00451,7.99702,8.01371,8.04437,8.09114
0.99887,1.00000,1.99669,2.00000,2.99345,3.00000,3.84823,4.00000,2.99609,5.00000,3.99264,6.00000,4.99264,7.00000,5.99264,8.00000,6.99264,8.02653,7.99264,8.00449,8.00071,8.01369,8.04806,8.09111
0.99823,1.00000,1.99533,2.00000,2.99133,3.00000,3.84873,4.00000,2.99131,5.00000,3.98776,6.00000,4.98776,7.00000,5.98776,8.00000,6.98776,8.02652,7.98776,8.00447,7.99583,8.01366,8.04318,8.09109
0.99824,1.00000,1.99537,2.00000,2.99141,3.00000,3.85349,4.00000,2.99289,5.00000,3.98941,6.00000,4.98941,7.00000,5.98941,8.00000,6.98941,8.02651,7.98941,8.00445,7.99748,8.01363,8.04483,8.09106
0.99887,1.00000,1.99669,2.00000,2.99346,3.00000,3.86023,4.00000,2.99645,5.00000,3.99302,6.00000,4.99302,7.00000,5.99302,8.00000,6.99302,8.02650,7.99302,8.00444,8.00110,8.01361,8.04845,8.09104
0.99823,1.00000,1.99533,2.00000,2.99134,3.00000,3.86072,4.00000,2.99167,5.00000,3.98812,6.00000,4.98812,7.00000,5.98812,8.00000,6.98812,8.02649,7.98812,8.00442,7.99620,8.01359,8.04355,8.09101
0.99887,1.00000,1.99668,2.00000,2.99344,3.00000,3.86753,4.00000,2.99530,5.00000,3.99184,6.00000,4.99184,7.00000,5.99184,8.00000,6.99184,8.02648,7.99184,8.00440,7.99993,8.01355,8.04728,8.09098
0.99888,1.00000,1.99670,2.00000,2.99347,3.00000,3.87222,4.00000,2.99681,5.00000,3.99339,6.00000,4.99339,7.00000,5.99339,8.00000,6.99339,8.02648,7.99339,8.00439,8.00148,8.01353,8.04883,8.09096
0.99823,1.00000,1.99533,2.00000,2.99134,3.00000,3.87270,4.00000,2.99202,5.00000,3.98847,6.00000,4.98847,7.00000,5.98847,8.00000,6.98847,8.02647,7.98847,8.00437,7.99656,8.01351,8.04391,8.09094
0.99887,1.00000,1.99668,2.00000,2.99344,3.00000,3.87950,4.00000,2.99564,5.00000,3.99219,6.00000,4.99219,7.00000,5.99219,8.00000,6.99219,8.02646,7.99219,8.00435,8.00028,8.01348,8.04764,8.09091
0.99888,1.00000,1.99672,2.00000,2.99351,3.00000,3.88426,4.00000,2.99721,5.00000,3.99384,6.00000,4.99384,7.00000,5.99384,8.00000,6.99384,8.02645,7.99384,8.00434,8.00194,8.01346,8.04929,8.09088
0.99823,1.00000,1.99534,2.00000,2.99136,3.00000,3.88471,4.00000,2.99239,5.00000,3.98886,6.00000,4.98886,7.00000,5.98886,8.00000,6.98886,8.02644,7.98886,8.00432,7.99696,8.01343,8.04431,8.09086
0.99887,1.00000,1.99669,2.00000,2.99345,3.00000,3.89149,4.00000,2.99599,5.00000,3.99255,6.00000,4.99255,7.00000,5.99255,8.00000,6.99255,8.02643,7.99255,8.00430,8.00065,8.01341,8.04800,8.09083
0.99823,1.00000,1.99533,2.00000,2.99133,3.00000,3.89199,4.00000,2.99121,5.00000,3.98766,6.00000,4.98766,7.00000,5.98766,8.00000,6.98766,8.02642,7.98766,8.00429,7.99576,8.01338,8.04312,8.09081
0.99824,1.00000,1.99535,2.00000,2.99138,3.00000,3.89671,4.00000,2.99276,5.00000,3.98925,6.00000,4.98925,7.00000,5.98925,8.00000,6.98925,8.02642,7.98925,8.00427,7.99736,8.01336,8.04471,8.09079
0.99887,1.00000,1.99669,2.00000,2.99345,3.00000,3.90347,4.00000,2.99634,5.00000,3.99290,6.00000,4.99290,7.00000,5.99290,8.00000,6.99290,8.02641,7.99290,8.00426,8.00101,8.01333,8.04837,8.09076
0.99823,1.00000,1.99533,2.00000,2.99133,3.00000,3.90396,4.00000,2.99156,5.00000,3.98801,6.00000,4.98801,7.00000,5.98801,8.00000,6.98801,8.02640,7.98801,8.00424,7.99612,8.01331,8.04347,8.09074
0.99887,1.00000,1.99668,2.00000,2.99344,3.00000,3.91077,4.00000,2.99519,5.00000,3.99174,6.00000,4.99174,7.00000,5.99174,8.00000,6.99174,8.02639,7.99174,8.00422,7.99985,8.01328,8.04721,8.09070
0.99888,1.00000,1.99670,2.00000,2.99347,3.00000,3.91547,4.00000,2.99670,5.00000,3.99329,6.00000,4.99329,7.00000,5.99329,8.00000,6.99329,8.02638,7.99329,8.00421,8.00141,8.01326,8.04876,8.09068
0.99823,1.00000,1.99533,2.00000,2.99134,3.00000,3.91595,4.00000,2.99191,5.00000,3.98836,6.00000,4.98836,7.00000,5.98836,8.00000,6.98836,8.02637,7.98836,8.00419,7.99649,8.01323,8.04384,8.09066
0.99887,1.00000,1.99668,2.00000,2.99344,3.00000,3.92275,4.00000,2.99553,5.00000,3.99208,6.00000,4.99208,7.00000,5.99208,8.00000,6.99208,8.02636,7.99208,8.00417,8.00021,8.01320,8.04756,8.09063
0.99888,1.00000,1.99671,2.00000,2.99349,3.00000,3.92746,4.00000,2.99707,5.00000,3.99367,6.00000,4.99367,7.00000,5.99367,8.00000,6.99367,8.02636,7.99367,8.00416,8.00180,8.01318,8.04915,8.09061
0.99823,1.00000,1.99534,2.00000,2.99135,3.00000,3.92793,4.00000,2.99226,5.00000,3.98872,6.00000,4.98872,7.00000,5.98872,8.00000,6.98872,8.02635,7.98872,8.00414,7.99685,8.01316,8.04421,8.09059
0.99887,1.00000,1.99668,2.00000,2.99345,3.00000,3.93472,4.00000,2.99587,5.00000,3.99242,6.00000,4.99242,7.00000,5.99242,8.00000,6.99242,8.02634,7.99242,8.00412,8.00056,8.01313,8.04791,8.09056
0.99823,1.00000,1.99533,2.00000,2.99133,3.00000,3.93522,4.00000,2.99109,5.00000,3.98754,6.00000,4.98754,7.00000,5.98754,8.00000,6.98754,8.02633,7.98754,8.00411,7.99568,8.01310,8.04303,8.09053
0.99824,1.00000,1.99535,2.00000,2.99138,3.00000,3.93993,4.00000,2.99263,5.00000,3.98912,6.00000,4.98912,7.00000,5.98912,8.00000,6.98912,8.02632,7.98912,8.00409,7.99727,8.01308,8.04462,8.09051
0.99887,1.00000,1.99669,2.00000,2.99345,3.00000,3.94669,4.00000,2.99622,5.00000,3.99278,6.00000,4.99278,7.00000,5.99278,8.00000,6.99278,8.02631,7.99278,8.00408,8.00092,8.01306,8.04828,8.09048
0.99823,1.00000,1.99533,2.00000,2.99133,3.00000,3.94719,4.00000,2.99143,5.00000,3.98788,6.00000,4.98788,7.00000,5.98788,8.00000,6.98788,8.02631,7.98788,8.00406,7.99603,8.01303,8.04338,8.09046
0.99824,1.00000,1.99537,2.00000,2.99141,3.00000,3.95194,4.00000,2.99301,5.00000,3.98952,6.00000,4.98952,7.00000,5.98952,8.00000,6.98952,8.02630,7.98952,8.00404,7.99767,8.01301,8.04503,8.09043
0.99887,1.00000,1.99669,2.00000,2.99346,3.00000,3.95867,4.00000,2.99656,5.00000,3.99313,6.00000,4.99313,7.00000,5.99313,8.00000,6.99313,8.02629,7.99313,8.00403,8.00128,8.01298,8.04864,8.09041
0.99823,1.00000,1.99533,2.00000,2.99134,3.00000,3.95915,4.00000,2.99177,5.00000,3.98822,6.00000,4.98822,7.00000,5.98822,8.00000,6.98822,8.02628,7.98822,8.00401,7.99638,8.01296,8.04373,8.09039
0.99887,1.00000,1.99668,2.00000,2.99344,3.00000,3.96596,4.00000,2.99539,5.00000,3.99194,6.00000,4.99194,7.00000,5.99194,8.00000,6.99194,8.02627,7.99194,8.00399,8.00010,8.01293,8.04746,8.09036
0.99888,1.00000,1.99671,2.00000,2.99349,3.00000,3.97067,4.00000,2.99693,5.00000,3.99353,6.00000,4.99353,7.00000,5.99353,8.00000,6.99353,8.02626,7.99353,8.00398,8.00169,8.01291,8.04905,8.09033
0.99823,1.00000,1.99534,2.00000,2.99135,3.00000,3.97113,4.00000,2.99212,5.00000,3.98858,6.00000,4.98858,7.00000,5.98858,8.00000,6.98858,8.02626,7.98858,8.00396,7.99675,8.01289,8.04410,8.09031
0.99887,1.00000,1.99668,2.00000,2.99344,3.00000,3.97792,4.00000,2.99573,5.00000,3.99228,6.00000,4.99228,7.00000,5.99228,8.00000,6.99228,8.02625,7.99228,8.00394,8.00045,8.01286,8.04781,8.09028
0.99888,1.00000,1.99672,2.00000,2.99351,3.00000,3.98267,4.00000,2.99729,5.00000,3.99392,6.00000,4.99392,7.00000,5.99392,8.00000,6.99392,8.02624,7.99392,8.00393,8.00210,8.01283,8.04945,8.09026
0.99823,1.00000,1.99534,2.00000,2.99136,3.00000,3.98311,4.00000,2.99247,5.00000,3.98894,6.00000,4.98894,7.00000,5.98894,8.00000,6.98894,8.02623,7.98894,8.00391,7.99712,8.01281,8.04447,8.09024
0.99887,1.00000,1.99669,2.00000,2.99345,3.00000,3.98925,4.00000,2.99543,5.00000,3.99198,6.00000,4.99198,7.00000,5.99198,8.00000,6.99198,8.02622,7.99198,8.00390,8.00016,8.01278,8.04752,8.09021
0.99890,1.00000,1.99677,2.00000,2.99361,3.00000,3.98948,4.00000,2.99456,5.00000,3.99128,6.00000,4.99128,7.00000,5.99128,8.00000,6.99128,8.02621,7.99128,8.00388,7.99947,8.01276,8.04683,8.09018
