6.85489,5.51448,6.18842,5.84477,5.02065,4.74124,4.69300,5.17636,5.30894,4.39054,3.43494,4.98445,4.70711,5.12572,6.04200,4.47905,4.09915,5.18955,6.62703,4.43733,4.23351,6.07058,5.78056,4.92586,3.66711,6.15516,4.59851,3.84557,4.20355,5.29806,4.99660,5.70985,6.52450,4.92463,6.03970,5.29182,5.18222,4.52789,5.38727,4.37988,5.47483,5.29992,5.28276,3.12917,5.48962,4.65779,5.06648,5.66185,5.14214,5.86201,5.79640,6.15809,6.86416,5.31273,6.90798,4.77395,4.51869,6.97810,6.22926,4.93851
5.32880,4.08987,3.93522,5.39433,6.05031,5.37640,4.30357,3.80820,5.26604,5.50392,3.66818,5.44308,4.18616,4.92833,6.19772,6.18933,6.09528,4.15570,4.04576,6.19706,5.20611,5.39537,3.21822,4.95656,6.76102,5.48351,3.54236,4.85767,6.33459,3.48845,6.29152,4.81172,6.11341,3.95586,5.60807,3.41503,5.44543,4.16181,5.05804,6.33992,3.78952,4.16224,4.75214,6.61787,4.52055,5.52123,6.19302,3.22375,4.26800,6.77685,5.43265,4.02409,5.78975,5.55792,4.34305,3.89314,4.49436,4.73654,6.12067,5.15328
4.92389,5.66286,5.08505,4.69744,6.54036,6.19029,4.81260,6.26935,4.18661,6.01400,3.95769,4.71120,5.07022,4.38937,4.22568,4.44415,4.84764,3.83209,4.70277,4.52173,5.72164,4.50011,5.20911,4.90528,5.85756,5.61602,3.33914,6.65434,4.92637,4.63061,5.20531,4.08151,5.40892,3.39141,5.89555,3.76671,4.42345,4.99227,4.67119,5.29437,4.55852,5.70519,3.74594,4.83356,4.10092,5.76915,4.50615,3.70992,3.90194,4.92571,6.16501,6.43082,5.28182,3.59699,4.43771,6.67517,4.27333,6.46509,6.21117,5.62427
5.50415,4.95969,5.98368,4.53013,5.03947,5.95909,4.68780,3.74226,4.33344,5.17747,5.69528,6.03220,4.63537,5.54300,5.19350,4.81517,5.28995,6.40860,3.30421,4.66000,5.71727,5.25224,5.42606,6.43419,4.90734,3.70773,5.31642,6.19580,3.18286,4.33337,4.06250,6.29980,6.72773,5.42478,4.57176,5.95633,4.10906,4.21050,5.48147,4.62606,3.88972,4.71097,4.75778,6.87619,4.81715,4.97016,4.71105,5.21855,5.56404,4.86837,3.43641,4.72684,6.07665,5.95865,4.41766,4.09783,5.48334,6.29411,4.87517,5.11255
5.28626,4.82321,4.14462,6.46497,4.63426,4.69041,6.01945,4.99266,5.27761,4.07691,5.81432,4.59017,4.52477,4.96637,5.91685,4.10620,6.23679,6.11923,5.10781,5.18194,4.94990,3.76267,5.74998,5.25352,6.74096,6.25895,4.14408,5.06507,5.24602,5.25460,4.06076,6.34744,6.70519,4.70741,5.18379,4.34794,4.91182,3.96731,4.99517,3.74702,5.73383,4.15844,5.45455,4.92393,4.32643,4.42378,4.79127,4.65905,4.49139,6.15903,3.53648,5.35248,3.81103,6.59959,3.81348,4.44972,4.85364,4.02499,5.55946,5.10437
4.74752,3.32947,4.75926,3.43313,3.67640,4.20282,6.35691,4.48111,5.32902,4.72220,5.23880,4.43425,4.96602,4.53367,4.50109,5.37981,5.07110,5.23721,5.50505,3.83898,6.48111,5.25493,5.18180,5.08410,4.83335,4.06800,4.10113,4.91168,3.91987,5.33480,6.88490,5.58499,4.85453,5.08834,5.68555,5.72979,6.40966,4.33130,6.08937,5.33716,4.62805,5.07193,4.05455,6.27997,5.91804,6.22593,4.16567,4.55678,3.96424,5.94061,4.29365,5.21241,4.96065,4.57685,3.77355,4.87540,6.86837,4.51470,5.78033,4.64650
5.43924,5.97153,4.59905,4.38722,4.77059,5.76708,6.53838,5.27322,5.60413,3.37798,3.36338,5.83174,5.55397,4.94716,3.48330,5.13360,6.27200,5.49652,4.84673,5.82683,5.92871,5.51057,3.74799,4.79953,4.47916,5.87988,6.15708,4.17978,3.84012,5.19544,5.50682,5.32301,4.96220,3.84430,4.25524,5.54269,5.48785,4.34078,4.12561,5.16933,5.83742,5.46244,6.02955,3.46354,3.22741,5.22694,3.83501,5.70539,4.08671,5.60312,4.56463,5.10082,4.71703,6.00629,3.61151,5.49979,6.64662,5.70225,3.48304,4.52053
5.46386,4.66206,3.32267,3.94266,5.11441,5.90073,5.76560,5.43116,4.74964,4.17341,4.76073,4.45800,5.39448,6.56512,4.14566,4.24962,5.49959,4.96404,5.85223,4.23680,4.01299,3.73726,4.77693,6.14344,4.04641,4.56836,4.75121,5.49520,5.09976,5.30021,4.38678,5.45992,5.00098,5.23198,6.70584,5.17657,4.19578,3.31941,4.12153,6.49670,3.43979,5.13390,3.15590,3.98110,5.24115,6.23319,3.59985,4.95256,4.94280,3.92281,4.59089,3.24406,4.19129,4.03468,3.27141,4.88360,4.54153,3.72901,4.33479,6.71620
3.96326,3.65807,4.05077,4.64749,4.00807,4.70316,4.67914,5.01047,4.24209,4.73897,3.98941,5.34408,5.71682,4.84175,4.66800,5.56824,4.80040,5.60946,5.59784,3.75962,5.96744,5.80873,5.60451,6.96678,5.53895,4.49316,3.17967,3.96651,6.22250,4.04512,5.67197,6.38995,4.99370,5.81622,3.97755,3.89833,3.93801,3.49744,3.65438,4.95191,5.51076,3.83897,3.95915,6.78747,5.85848,4.84696,4.60334,4.20539,5.52695,3.64187,6.38042,5.17389,4.19791,6.74088,4.03150,3.84242,5.40866,4.95535,4.94167,5.73834
5.68092,3.58978,5.93541,3.07536,4.98365,4.54331,5.28603,6.66715,5.82292,5.68027,5.94361,5.35419,4.32190,3.60570,5.19048,3.00398,6.15360,5.37102,4.92959,4.65182,4.96092,6.98065,4.68300,4.51990,4.36461,5.07166,5.66636,5.82891,3.74477,4.60054,3.67085,4.92214,6.07288,5.05468,6.74732,4.63207,4.57178,4.47782,3.77224,5.71647,4.49415,4.48280,6.08051,6.52203,3.97093,5.01931,4.75549,3.09953,4.32711,6.57111,5.99538,3.96728,4.43852,4.67830,5.44968,4.19440,4.76864,5.50940,5.31975,5.05076
5.63560,5.90692,5.36710,5.15691,5.90188,5.35460,4.98845,3.04504,5.41551,5.85575,4.75439,5.01624,4.59649,4.27857,4.52522,5.13754,5.00110,4.07722,5.36075,4.38466,5.55828,4.86856,5.54510,4.91148,4.48522,4.88502,4.10900,4.75710,3.29116,3.20581,6.83581,5.11598,4.33809,5.55659,6.05371,4.52728,5.01820,3.56944,5.10204,4.62365,5.11066,4.64154,6.87750,5.90630,3.85229,6.52632,5.61128,3.05409,6.18728,3.68935,4.22416,3.84577,3.68725,5.40993,3.72264,4.95391,5.95960,4.25365,4.90904,5.91689
4.69130,5.00355,4.47550,5.43480,4.65337,6.11138,5.17570,4.79045,5.48502,4.68113,4.55048,4.67574,4.80040,5.00559,4.36323,4.70991,5.86098,4.19703,5.25387,4.23478,6.93135,4.70647,3.67279,4.03850,4.53705,5.83984,3.93251,4.56936,6.46439,3.52980,5.82647,4.55880,5.58631,3.21964,4.34762,4.98384,5.21006,3.91225,3.52780,3.04078,3.56563,4.79035,4.70854,5.00154,6.34296,3.88861,4.33182,5.10892,6.28344,4.58880,5.88029,4.27886,5.54041,6.34426,5.59580,6.17029,4.10496,5.13196,5.26193,3.69716
4.58390,4.01965,4.46632,5.71095,6.13893,3.86959,6.09957,4.29060,6.33734,3.20457,5.18944,4.64497,3.91984,6.12955,5.96807,4.26623,6.42085,5.30633,6.48125,5.85472,5.17647,4.44810,4.28650,5.00629,4.69446,4.64775,3.97951,5.26388,6.25318,5.91823,4.75624,4.81620,4.62798,4.96340,6.27110,5.46603,5.42127,6.05050,6.53177,5.32806,5.26158,5.29977,4.98627,4.96540,3.96473,5.94909,4.55849,6.57653,5.41931,4.92834,4.35140,4.47712,3.65231,4.06299,4.61091,3.44823,5.43288,6.01514,5.35287,5.34827
5.51847,4.27990,4.53772,5.21590,5.38438,3.60912,5.95615,5.92727,4.69378,4.04092,4.39928,4.79867,6.13623,6.70199,5.03393,6.15335,3.56771,3.94825,4.72637,4.87277,6.39893,6.46001,4.75932,5.24892,4.29318,6.09600,5.65424,4.94865,4.63729,4.49983,4.57150,5.91048,4.64243,5.33343,4.73156,3.44188,4.87239,4.72257,5.53988,4.99869,5.31374,3.48412,3.86271,5.28995,4.95038,4.87585,5.74387,5.91085,4.49201,5.82059,5.64731,4.72875,4.98019,4.54673,4.76579,5.42732,3.46259,4.17181,5.72728,4.06339
4.21620,6.67445,6.85258,5.51289,4.29248,6.14443,4.67144,5.16759,5.12293,5.31198,3.94145,5.54614,6.15034,5.22294,6.57041,6.22225,4.68445,5.82270,3.47473,6.24487,3.24568,3.74699,5.41099,4.78164,5.82489,4.19753,4.47780,4.06485,6.17344,3.46977,3.79341,4.93647,3.32357,4.99991,6.01512,5.85311,3.80214,5.56680,4.38907,4.60687,6.10472,5.80740,5.21897,5.86908,4.55871,5.48178,5.14598,4.94608,5.04782,4.97082,5.10574,5.65691,6.56601,5.99812,5.74404,5.91149,5.72971,4.02384,4.93994,4.61333
6.65802,4.50800,5.52864,3.48630,5.77728,4.96256,3.11689,4.73561,3.50325,5.88004,4.13442,3.93786,4.76318,3.41832,6.13039,4.89329,4.79232,5.85858,4.52812,5.27342,6.33762,5.36430,4.90705,6.51973,5.76258,5.30788,4.19031,5.34705,4.59297,5.73507,4.55091,3.74056,5.02374,5.34922,6.59595,6.79469,3.49847,3.53642,5.37673,4.78634,3.28964,4.82425,5.74903,4.38228,3.98058,3.90276,5.14461,5.34757,5.62764,5.63149,4.06531,3.71606,5.62514,4.44278,4.85816,4.35045,5.77125,3.46436,4.65555,5.37960
4.42228,3.40340,5.32175,4.11103,4.99058,5.83205,4.36495,6.00782,4.33578,5.56189,3.36158,3.83135,5.00370,5.94644,3.72563,5.20700,4.99470,5.99080,5.10544,3.78553,5.50065,5.06401,4.57702,3.92703,6.66718,5.42210,4.27009,4.68664,5.73970,5.43499,5.07433,3.51389,4.38125,5.02066,6.03544,5.96306,5.89837,3.94089,5.21764,6.79590,4.93026,4.79377,4.14373,4.94700,4.48662,6.15979,4.21001,5.47144,4.30641,5.30972,6.61108,5.81695,4.19455,6.13387,3.13740,6.02805,5.17724,3.76195,5.47029,4.85091
5.41296,4.94588,4.15390,6.21323,6.32876,4.89556,5.79065,4.85212,6.62532,6.82374,6.01218,4.11036,5.04344,3.89977,5.11341,5.04530,5.87065,5.06280,6.47970,4.87673,4.10188,5.74873,4.34143,5.55591,3.74355,4.44579,3.35989,5.48277,4.27819,6.98938,4.27256,3.62469,5.24820,4.48360,6.31937,5.50078,6.54878,5.53132,3.72452,6.22831,6.93103,5.46981,5.18890,5.06653,3.47086,5.12020,3.12511,5.61743,3.24261,3.96998,6.85135,6.05512,5.30332,5.64169,6.31481,6.47098,4.40314,4.69459,5.68901,3.99329
5.53113,5.00901,6.09797,5.14277,5.20135,3.93152,6.15079,4.74269,6.24416,4.74524,5.54948,6.38530,5.24771,4.34362,4.46942,3.56007,3.80816,6.56693,6.00034,4.43817,5.57068,4.61869,4.93448,4.18272,4.95148,4.03035,6.64866,4.77100,5.96364,5.12182,4.19276,5.41722,5.50749,5.08758,4.82864,4.13180,5.02088,5.46746,3.78392,4.94500,4.04209,5.30046,4.15527,5.63277,6.10758,5.65858,5.36047,5.67619,6.10695,5.25794,6.00663,5.07418,6.54083,5.38324,3.76451,4.52688,5.69178,5.91132,4.07078,3.90960
5.89007,3.62925,5.92591,4.25645,4.88293,5.16295,5.35423,6.21253,3.90842,6.23155,4.42862,6.08313,5.67115,5.30155,4.91553,6.02539,5.10978,4.78470,4.72435,4.75692,5.78705,5.15984,4.25170,4.56353,5.92077,5.69187,4.37744,4.09303,3.72610,4.44760,4.58127,5.53247,4.06347,4.62535,3.88851,4.95792,6.49710,5.72796,5.05648,3.76620,5.61172,4.54570,5.43307,4.42770,4.96714,6.01918,3.91234,4.57744,5.07955,4.70097,4.05957,5.84257,5.68796,4.35799,4.89839,6.00382,4.76302,5.25014,3.22283,4.48703
5.70962,4.77891,5.80692,4.07635,3.69250,5.46324,4.02426,4.91081,3.05558,5.06393,3.44786,3.37882,4.31212,4.26974,4.58070,5.95963,4.34306,4.84028,4.87707,6.73957,5.43876,4.81638,4.80737,5.64126,4.78929,4.73466,4.47421,5.13751,4.70273,6.24324,5.71615,4.73098,5.68186,4.65901,6.02976,6.52657,5.69571,5.34111,4.83190,5.64371,4.39507,5.51855,5.39623,5.34510,6.06602,3.86827,4.96538,5.78870,5.76381,6.30239,4.77583,5.21987,5.13228,3.59426,5.40266,4.60567,4.59624,3.57826,6.04969,4.62958
5.43616,3.93324,3.99607,5.38281,4.39523,6.50071,4.23471,5.56155,3.89548,4.33624,6.66690,3.68852,6.34794,4.37353,5.36599,5.94332,5.11225,5.67229,4.13581,3.68227,4.66234,6.82240,4.24553,6.01152,5.14788,5.25170,5.93699,3.77672,4.57418,5.98123,3.71331,4.07026,4.84322,3.60724,4.76152,4.77649,5.07453,4.28849,5.23867,4.37253,4.36489,5.81129,3.94357,3.58142,6.77900,4.28687,4.56644,5.08718,4.52831,3.88752,4.73741,3.74421,4.13010,5.72071,4.13993,4.12276,3.97676,6.18467,5.01397,3.45969
3.55678,4.24716,4.99324,3.59932,5.02200,5.50683,5.32936,5.09653,4.71188,6.59313,4.81155,4.70275,4.87089,5.84231,6.66434,3.89862,5.34734,5.69833,3.94984,5.49012,3.58709,6.28891,3.82022,4.26262,6.79643,4.40007,4.35009,5.96442,4.72720,5.70211,4.71226,4.35000,4.68761,3.73072,5.26840,6.04037,5.81430,4.34119,5.66989,4.74634,5.75935,5.10279,5.44326,3.91196,4.62042,5.37518,4.64543,5.38943,4.77673,4.62139,4.85903,3.64541,4.97739,3.91539,4.14376,3.58786,5.55589,5.71542,5.93576,5.28745
4.95061,4.56513,4.68123,6.36773,4.46467,4.26199,3.21023,5.13833,4.55191,4.92741,5.18184,5.26104,5.67392,3.84755,5.14954,4.75713,3.34781,6.50963,5.09453,6.03379,3.82150,5.34166,5.80186,6.89309,4.16646,5.54839,4.60096,5.12796,3.78323,4.62484,4.80051,5.70479,6.18466,5.65071,6.47302,3.28781,4.37457,4.84726,3.10002,4.56893,3.93221,3.81600,5.32412,4.53382,5.52416,5.91296,4.69378,4.91002,4.29409,4.89647,4.44518,4.44721,6.65554,3.62279,3.89136,4.20606,6.09513,4.72255,6.98175,3.88788
4.93659,3.80579,5.31578,4.27178,4.73461,6.81950,4.23357,5.48814,6.64703,5.86300,5.34464,5.50413,6.66972,3.87956,5.16367,3.69658,4.97350,5.64949,3.39734,3.69698,3.50860,3.55871,3.26073,5.78924,4.09207,6.10464,5.86386,4.88716,4.44481,5.74976,5.10390,4.73879,5.35434,4.95436,3.97762,5.26135,5.50676,6.42535,4.61498,4.74766,5.10412,4.74796,5.24598,4.45794,5.15824,4.52675,5.32570,5.16136,4.76302,4.31353,5.18520,3.54258,3.90781,5.15792,4.69023,3.62343,5.01113,4.85912,5.54108,3.16429
5.36062,5.29425,4.77376,6.58942,6.02244,3.85916,5.27466,5.21583,4.35743,6.62488,5.79206,5.39847,3.97167,3.86171,5.87386,3.89305,4.55564,6.15401,5.19652,4.21601,5.48889,4.61309,5.11232,5.67705,5.57492,4.98322,5.05545,5.45736,4.86576,5.52180,4.40281,4.19699,6.02769,5.52374,6.97815,4.24342,6.19329,5.91064,4.08027,5.80747,5.64783,3.05334,6.13349,4.38090,4.92487,3.61899,3.52479,4.32709,5.64964,5.10285,5.22842,5.47145,3.60778,6.37783,5.35679,5.89209,5.34718,4.56132,4.93074,5.29559
5.88720,3.87057,6.21305,4.58085,4.67972,4.34603,4.49246,5.05957,4.28918,5.77004,6.78719,4.90478,3.78072,3.70752,5.03545,4.69604,4.97038,5.31416,5.54239,4.79009,5.63307,4.43126,4.03706,4.47798,4.98262,6.44612,4.58518,4.95882,5.62908,4.52015,4.47763,4.76554,4.51239,6.59552,5.88341,5.69848,4.79019,5.30648,5.55493,4.48251,4.53676,3.90998,5.14227,6.51600,3.80582,5.72835,5.62925,4.49735,5.61400,5.41417,5.63107,4.85716,4.80063,5.31837,4.72642,5.85308,4.99846,4.91447,5.54457,5.78480
6.14066,3.46416,4.80974,3.73076,5.87301,4.72230,6.40678,4.64479,4.10430,4.92351,4.44833,4.59490,6.04416,4.84955,6.17721,6.38832,4.87605,4.29857,4.02987,5.95087,3.23764,3.63593,5.74915,4.44212,5.40213,4.47957,5.72374,3.59517,6.98010,6.80401,5.22100,6.29631,6.01551,4.79711,4.50770,6.53860,4.93314,4.62822,3.67987,4.60559,5.13629,5.95728,5.89842,5.50436,6.39265,5.63287,4.47044,3.38657,4.72651,6.55878,4.23635,4.85542,4.77505,4.11151,5.07038,3.61208,5.01001,4.81494,5.97706,4.05433
5.33326,4.18896,5.79460,4.96182,4.38572,5.45714,3.70543,6.85027,6.40965,5.69838,3.41550,5.00513,4.54974,6.22498,4.30338,5.56586,3.98931,3.34465,4.16211,6.30393,4.89605,5.31738,5.06097,5.60118,5.64531,5.42913,6.52434,5.23994,5.07552,6.16998,6.50788,4.25340,5.54436,5.21311,3.93791,4.83099,5.37327,6.02021,4.89873,3.83762,6.03022,4.85206,5.86881,3.72578,4.66800,3.64614,6.26896,5.60372,5.55602,4.91191,5.59315,5.47481,5.89388,6.40142,5.81040,5.37938,4.09909,6.24208,5.72352,5.93420
5.53171,3.85464,4.43630,3.46561,4.91876,4.89869,6.06554,6.32140,5.28847,4.05146,4.42068,4.86589,4.83777,4.59227,4.02205,5.20593,5.65685,5.32804,5.92919,4.13539,6.23228,4.32605,6.17125,4.48974,6.06737,4.93418,6.42314,4.48419,3.77295,3.52930,3.56898,4.84393,6.88386,5.82391,6.81872,3.72017,4.92098,5.57051,4.03692,3.57952,5.24031,5.73155,5.27364,5.41219,4.15614,5.50573,4.37129,3.59884,4.27751,5.08658,4.21037,6.05007,5.11938,4.67179,4.87681,5.34266,3.20300,6.07105,5.45931,4.79755
5.04561,3.85091,4.81954,5.03225,3.54671,4.56146,3.17029,5.63196,4.77110,5.28115,3.97265,4.15674,5.59944,4.88370,4.13989,4.98313,6.59227,5.79008,4.66287,5.43874,4.63055,5.28603,5.31149,4.61125,5.23759,4.74123,4.58196,3.97641,4.47618,4.62620,5.05654,4.31591,4.69291,5.52430,4.57630,4.75704,4.40148,3.80799,6.16276,4.92093,3.81351,5.83360,5.14698,4.62378,4.04997,4.36110,3.82619,5.21719,5.37947,3.95630,5.34687,4.85306,4.83188,4.63331,3.36736,3.74280,4.16009,6.23595,6.82655,5.92287
4.97344,4.26551,5.50649,6.53031,4.68420,4.16093,5.00336,5.44746,6.47563,4.82521,5.00990,4.83775,5.66773,6.97248,5.43353,4.23476,3.31719,4.74421,3.37333,5.56845,4.78538,5.61861,5.23158,3.88450,4.95248,5.62954,5.08855,4.77463,5.06695,5.26370,5.63543,5.13746,6.58846,5.56403,6.12464,5.29498,4.16069,4.71823,5.60933,5.63436,4.59530,3.10630,6.48480,4.31071,5.59897,4.78720,4.82926,5.20272,5.13969,4.73337,6.12133,6.79449,6.47431,5.19828,4.43122,5.44679,3.58009,5.67237,4.85334,4.75413
6.43363,5.26707,4.71037,6.51863,6.76503,6.26722,6.22835,5.88615,6.32220,6.17313,6.17310,5.22534,6.04900,5.85338,4.41428,5.32114,3.19787,4.11950,6.07849,4.53282,4.61315,4.79028,3.70545,5.04243,5.68288,3.86630,6.02437,4.33294,4.34599,4.96449,5.10460,5.51613,5.11633,5.01400,5.20419,4.70038,3.99307,5.76994,4.61574,5.19305,5.43908,3.76711,4.60222,4.03241,3.97725,5.10382,5.24263,4.47353,5.24689,5.56596,4.69907,5.90744,4.54560,4.71441,5.00853,3.73768,4.80229,4.55044,3.97082,4.79787
6.97409,4.60094,5.48495,4.44223,5.14858,4.49600,6.70440,4.27935,4.30981,4.98675,6.00966,5.18041,6.05660,5.30540,3.19839,5.18952,6.93942,3.84520,4.26734,4.22815,3.99200,5.21757,5.45426,5.34953,3.78481,4.95995,5.31110,5.53635,4.83945,4.63197,4.09630,4.46705,6.57058,5.37311,6.72579,5.72985,5.23797,3.54580,5.01891,4.92734,4.46517,4.22225,5.14403,4.66298,6.85255,5.91199,5.37577,4.61729,6.11123,4.56562,4.72348,5.24797,4.80168,5.80897,5.25180,4.72820,3.70342,5.67872,6.46017,3.67005
4.33403,5.81927,4.51355,5.70630,4.15959,5.55663,3.29064,4.89026,4.61194,5.24906,5.50309,6.65044,5.43957,5.29761,4.45561,5.95541,4.69835,4.38976,5.02327,5.26970,6.53264,5.04648,5.85307,4.60869,4.27699,5.71791,4.31370,4.33205,4.95082,4.03650,5.06906,5.19336,3.61475,6.05963,6.94205,4.47319,4.75707,5.91214,5.52612,4.35779,4.82286,5.00944,4.46132,5.42385,3.96239,4.99697,4.64608,5.89061,5.53250,5.17110,4.02252,6.17230,4.63941,4.13787,3.22318,6.36901,3.36854,5.19275,4.89974,4.55292
4.08295,4.03800,4.31803,5.28502,4.58959,4.45406,5.76969,4.40469,3.76712,5.85272,4.78909,4.57677,3.98154,4.61807,5.18880,4.64997,5.23805,4.88555,5.42697,5.40242,6.28209,5.42268,5.65728,5.78628,5.74698,5.06920,5.93839,4.39808,5.30181,4.51190,4.69552,4.77949,5.64329,4.03084,5.02583,3.73358,5.48558,5.58136,5.60266,4.22018,3.80375,4.35697,5.75137,4.58993,4.22106,4.30854,6.46023,5.26381,5.31649,3.96414,5.01391,5.26357,5.65782,3.95715,6.37631,4.65523,4.61877,4.08205,4.97620,5.57351
4.73996,5.60872,5.43280,5.45613,6.59443,4.83037,5.32163,6.05382,4.73032,4.78565,5.60287,4.51171,5.64982,5.16567,3.25034,3.78917,3.68584,5.24662,4.60425,5.34706,4.55701,3.79413,3.55008,4.59555,4.30128,4.47723,4.06166,4.36360,5.43552,5.74436,5.95976,5.96702,4.85305,4.84715,5.94209,5.84770,4.36805,4.56884,4.92393,3.46726,5.04594,5.03139,4.75089,5.62012,5.72691,4.45591,4.26625,6.81436,4.46022,5.42805,5.40768,4.90735,4.32826,5.23785,3.81049,5.33631,5.39334,4.87143,5.00541,5.72689
5.45708,4.83968,5.32869,5.77618,3.93689,4.22731,4.82684,5.18127,6.10112,5.42112,5.16728,3.31690,5.17200,3.72164,5.15501,5.21060,3.13613,4.57903,4.88123,6.01748,5.62257,6.65067,5.64532,5.93703,6.30937,5.89269,4.46009,3.76646,3.76564,3.67416,4.11109,4.99255,5.75024,5.83692,4.92803,3.83214,5.14967,4.94916,4.05558,5.97572,5.24697,4.72250,5.18870,5.39273,5.67613,5.10294,4.38141,4.47432,3.78917,6.46400,5.34000,5.86807,3.69739,4.30875,4.34018,5.63258,5.28801,4.58562,5.25821,5.61858
4.36773,3.65832,6.03556,4.26119,5.39520,5.20190,4.94039,3.29903,3.43935,6.23269,6.27861,4.11347,6.81638,6.03570,4.84638,3.63183,5.73747,4.97234,4.63878,3.78019,4.81587,4.78153,5.93496,4.24680,3.35456,4.00812,5.10695,5.89627,3.72459,6.14297,6.41721,5.51871,4.56560,3.07744,6.39566,4.48556,3.79930,3.65782,4.35501,6.30153,3.97944,4.74759,5.41840,4.28774,5.36325,5.66497,5.99606,4.27319,6.45198,4.10582,4.80660,5.57735,5.82963,4.54847,5.69282,3.89853,4.69149,4.39825,5.02094,3.23207
6.85947,4.22065,5.54255,4.03060,4.44888,4.50827,4.97889,4.69525,5.10040,5.72705,4.30990,5.50988,4.67441,4.43936,6.31913,3.55912,4.80930,5.13987,4.16576,5.16086,4.41383,4.03352,4.14290,5.60525,4.44744,5.13316,4.17638,5.83850,5.60633,4.15378,4.76196,3.99002,5.03520,3.65899,3.58988,4.83474,4.45019,4.43768,5.12605,3.66773,5.90375,4.61376,6.32912,5.46850,5.44804,3.76325,4.36547,6.17859,5.63090,6.38029,4.03547,5.67304,5.30187,6.02255,5.35455,6.53777,4.04359,3.64960,4.64441,5.50264
5.27457,5.88377,3.81429,5.59457,4.42311,6.64250,3.79926,4.88290,5.00766,5.28221,4.33941,6.21506,5.39375,4.77618,5.11734,4.22956,3.90906,5.15540,4.44170,5.12710,5.78446,4.97294,6.39676,5.28926,4.54075,3.89931,4.54226,4.52243,5.36286,5.55578,4.56141,6.24848,5.82617,5.65583,4.31291,5.90955,4.99073,6.53989,5.68148,6.06740,5.47100,3.71873,4.02441,3.61994,4.80831,4.44745,3.80957,4.29566,4.90856,4.30499,5.60354,4.60894,3.95479,5.32764,4.81461,5.03330,4.58196,4.81275,5.52519,4.39394
6.02444,4.74532,4.85375,3.42425,5.39854,5.43503,4.42475,6.12777,5.10316,5.88843,6.27287,6.73842,4.87691,4.98683,3.40897,3.63605,5.48820,5.09382,5.60471,4.36208,5.65272,5.06584,4.06910,5.22000,4.73825,4.97794,4.80776,4.75079,6.76938,5.26957,5.05021,4.57370,4.93370,4.58468,4.46545,5.26311,5.48786,4.49831,5.82435,5.97596,3.28498,6.08524,5.16258,3.12841,5.12673,4.87083,3.03573,3.95279,4.90124,4.85927,3.76105,4.04079,4.38834,4.53174,5.17390,4.14931,6.37306,4.17912,5.93691,5.52837
4.67617,3.74925,6.36196,5.10445,4.09691,3.35133,5.02563,6.21067,5.51169,4.27897,4.15146,4.16458,4.71597,5.00825,4.72289,6.66852,4.15308,4.13165,6.82054,3.75340,5.56882,4.71885,4.71990,4.93666,3.00302,4.91945,4.87416,4.43405,3.84684,5.69888,4.30244,4.47533,3.35222,3.30927,4.94611,5.37408,4.54211,4.17126,3.89659,5.37500,4.85848,4.06605,3.84094,5.41282,4.44292,4.73282,3.78395,4.93469,4.48934,5.03330,3.18128,4.55185,4.30720,5.36855,4.76654,4.98948,3.98679,5.03193,5.35073,4.28165
5.13930,5.39373,4.47843,4.96619,5.70922,5.89127,6.54048,4.73297,6.24287,4.57695,5.87619,5.50072,5.02908,4.86390,4.39002,6.65888,5.85856,4.31972,5.85777,4.80021,5.35340,3.96435,5.05958,5.33844,5.68419,5.27639,5.16395,4.55384,6.59438,5.36772,5.69297,5.10380,4.58101,4.03006,4.61360,5.15635,5.12412,4.15187,2.99854,4.43472,6.25036,3.15164,5.13711,5.90484,5.60274,5.47426,4.40046,4.80178,5.95097,5.08747,4.57483,4.24905,5.57433,5.16236,6.68132,4.08208,3.17239,5.91171,4.72524,4.82811
5.88106,4.31291,3.62321,5.17399,5.96553,5.40254,6.50226,4.00970,3.89648,5.14068,6.32803,6.04177,5.29855,5.46319,4.89277,5.56351,5.71775,5.84306,4.79314,4.53649,3.56663,4.77084,4.81947,5.80371,5.75004,4.67854,6.88582,4.34663,4.86374,5.25132,5.64335,4.69107,6.14059,3.90157,5.77076,5.64825,4.88532,3.46399,5.72764,4.99036,4.35593,6.13469,5.03639,6.19889,3.84877,5.25108,4.30338,4.41237,4.22571,4.36069,3.32181,4.29458,5.78923,5.60092,4.11162,5.23453,5.42178,4.55142,4.82969,4.48680
3.31368,5.99866,5.32764,3.60800,5.92626,4.35935,5.50766,5.65043,5.29665,4.62921,3.45755,6.05040,4.89936,4.78309,5.54606,6.84073,5.38736,5.97948,5.39569,4.84557,4.79167,3.96615,5.76456,6.32149,6.19918,6.13032,5.15760,5.69637,4.82084,5.45693,5.68587,4.10796,4.44461,5.43028,5.39784,4.06838,5.65384,4.56607,5.52964,4.66453,4.80426,4.97469,6.08985,5.26265,5.35031,6.39221,6.24434,5.19400,5.38763,5.04048,4.90364,6.10264,4.56766,4.83840,2.99967,4.55558,4.74585,5.07145,5.63372,4.65352
5.46870,6.39870,6.26303,5.14402,4.59807,5.75072,3.93546,6.86635,5.76654,4.03584,3.94608,4.74048,5.13032,5.01816,6.35380,4.26267,5.26556,6.18591,4.14696,5.07059,5.52635,3.79779,4.27491,6.27762,5.52392,6.01859,4.98171,4.73287,4.82345,5.00881,4.27106,5.18098,4.95823,5.97021,4.37993,4.92785,4.68417,4.96146,4.04268,6.14946,5.81097,6.06241,4.31136,4.14819,6.48469,6.03969,6.04105,6.52401,4.94532,5.94245,5.26174,5.31948,4.26879,4.69437,4.79810,3.43695,4.53465,6.12956,4.26431,4.56089
5.07014,6.21304,5.08098,5.80485,4.57764,3.35606,6.07709,3.78748,4.20677,5.21172,5.57715,6.42469,6.25702,6.07381,3.17450,5.13137,5.21464,4.85125,5.33739,5.39203,5.23598,4.55237,5.01499,3.90002,4.37073,3.80948,5.68645,4.38103,5.61305,5.56452,3.78272,5.22691,6.12239,5.14760,4.38382,4.24994,3.71326,5.54943,3.97477,4.26451,4.82070,4.09806,6.62699,5.93675,5.33687,4.82148,6.93280,4.04719,5.25953,4.54525,4.35399,4.82043,5.50907,4.71340,4.49771,4.59991,6.12892,6.15160,4.14828,3.94056
4.09940,4.01791,5.20584,5.34510,5.74460,6.14699,5.13297,3.71072,4.72285,4.69012,6.28909,5.95487,3.94643,4.36392,4.97747,4.89964,4.93975,5.04803,4.32724,4.79134,5.66222,5.69312,5.82046,5.20117,5.15268,5.20475,3.86663,4.13527,4.89838,5.08105,4.72477,5.91833,5.90909,6.86036,5.12187,5.34223,3.76169,5.33808,6.20279,5.40470,5.91276,6.01726,6.58717,5.98382,5.09050,6.24004,4.11479,6.04361,4.24090,4.66563,5.15622,3.56857,5.15985,4.05641,5.16375,4.79893,3.61970,6.51409,5.70308,6.67201
3.65941,5.50257,3.40967,3.90559,4.78384,4.32985,4.90800,4.55071,3.14197,4.84714,6.17615,4.62769,4.64722,6.54344,6.01396,5.78594,5.39857,4.18346,4.50826,5.27815,3.63841,5.27452,5.02168,6.26820,5.75866,3.64333,6.69052,4.93052,6.58541,5.61630,6.17129,5.90726,3.71149,6.07815,4.62043,3.32309,4.16412,6.15274,6.22421,3.58769,4.41635,3.83385,5.62906,4.66277,5.05366,3.52905,6.03315,5.90259,3.32452,4.14214,4.12187,3.32204,4.32839,6.94421,3.87155,5.66916,3.41843,5.39224,5.72400,6.24032
6.12504,6.48535,5.07842,4.75216,5.77840,6.22405,3.84016,4.49906,5.02106,4.92756,4.41180,5.97764,6.65887,3.90741,6.48242,4.33018,3.70526,4.91276,5.35697,4.70178,4.67016,5.38063,4.94361,5.79332,6.22673,5.78648,4.07282,5.75116,4.99769,5.19838,5.62865,5.87749,5.09289,5.39550,4.28146,5.25240,5.14652,3.51157,4.44909,5.25199,4.35012,5.91966,3.51122,5.03242,3.90898,4.44936,4.75134,4.10607,5.06974,5.89344,4.89014,3.70445,4.28725,5.48991,5.40137,5.97441,3.78076,4.55669,3.70399,5.70747
4.68141,6.20048,6.44536,5.18809,4.95408,5.87496,4.75248,5.14755,4.48623,4.66471,6.66554,5.92512,4.69769,5.08210,5.59928,4.98523,4.15888,4.73823,5.48182,3.21686,5.68582,5.69891,3.99024,5.72159,5.23131,5.51866,3.95868,6.27719,4.64744,4.96415,5.03463,6.00920,3.74990,5.31286,5.95043,3.69563,4.95367,4.62237,3.29724,3.35276,4.66910,4.67460,6.65618,4.07931,3.00150,4.27382,6.86626,5.59029,3.95374,3.47317,3.99243,6.19232,4.21792,6.80531,4.77929,6.59750,5.07668,5.11394,5.31272,5.33676
6.22520,6.57301,3.31563,5.91477,4.13492,4.83035,5.32452,5.81040,5.12757,5.62864,3.64014,3.89707,5.01323,5.92954,4.19783,4.11683,6.50965,4.43336,4.83510,5.18738,3.19471,4.60163,4.85565,4.84242,3.72094,6.22887,5.24113,5.43045,5.08204,4.80592,5.04379,3.48342,3.10440,4.47932,5.20213,5.18321,6.16885,4.11250,4.49908,4.58096,3.90607,4.96176,4.31881,6.34954,4.56308,4.32452,5.17168,6.10149,4.57582,5.00250,5.73199,4.30131,5.90870,5.51783,5.07528,5.93839,5.42931,4.64211,5.28385,5.41766
4.09906,5.67743,4.53382,5.19500,4.97877,3.60937,4.19176,4.90094,3.65587,5.44248,4.43575,5.06445,5.83442,4.80727,6.93772,5.25804,4.48820,5.95050,3.54594,5.19425,6.56160,3.86212,4.36494,4.71187,6.15273,4.04471,6.14462,4.55039,5.55708,3.80448,6.73066,4.76985,4.43224,3.96297,5.78826,4.90408,4.29226,5.13473,3.21662,5.44080,3.63800,5.46116,6.37785,6.01721,4.40078,3.77022,4.73344,6.05816,4.99671,5.33857,5.30357,4.06005,5.29408,3.03649,5.67208,5.26983,4.37295,4.14585,4.68507,5.87425
4.55235,4.93466,4.13855,5.37829,4.97357,4.17728,5.36650,5.71169,4.95606,3.79891,5.36297,5.21539,5.63855,4.92000,4.65980,5.70503,4.18402,5.95437,5.51266,5.88037,4.68031,4.16710,6.09935,6.53247,3.42959,3.26419,4.24930,3.92439,3.67564,4.88537,6.19804,3.51902,4.53728,5.94029,5.35101,6.23973,3.89503,5.27023,4.05473,4.94810,4.95187,5.02523,4.72033,3.34615,5.23388,5.48974,4.16888,5.37432,4.48356,4.86779,5.48986,4.24646,4.32454,5.63298,5.60796,5.06793,5.32280,4.53391,5.35784,3.63400
5.13525,3.98655,5.62114,5.35958,3.95630,4.35425,5.98868,5.62654,4.45975,5.96561,3.29481,4.29950,6.00085,5.15789,4.80703,6.43065,4.76769,4.39228,3.58723,6.59806,4.76016,5.11256,3.25165,4.20518,4.01697,5.85600,4.56401,5.59984,4.81112,5.49586,6.08331,6.12352,4.78858,4.57926,5.82571,4.79610,5.16749,4.99908,4.56658,5.25390,6.70686,3.31427,4.85093,4.92986,4.38231,4.74330,4.85948,3.52973,3.99148,3.54505,5.68297,5.65483,4.75994,5.52625,5.22707,3.83976,6.29443,5.18469,6.88713,4.69805
4.50781,6.60169,4.75558,3.92261,6.08942,6.25985,3.80853,4.41688,5.22803,5.29496,4.61470,4.99373,5.48931,3.06152,4.32079,4.92505,3.64005,3.75783,5.80317,5.61149,5.70381,5.40288,4.06998,5.82971,4.47575,5.60445,3.79872,4.99872,5.36406,5.37395,4.26186,4.85299,5.97567,4.57568,3.49488,4.17306,6.08538,3.46162,5.19717,3.09331,3.90952,4.03229,4.86174,5.34682,4.07016,5.26597,4.64809,5.48337,5.38973,5.96089,4.79370,5.59462,5.77285,4.35847,3.88246,4.69097,6.49274,5.45323,6.71509,5.62343
4.76305,5.62590,6.85801,6.29681,4.33567,6.15946,5.42814,4.71136,3.79749,3.49867,3.22364,4.13438,4.72097,4.36030,3.25882,5.42629,4.95310,6.85207,5.50626,6.90237,5.44884,5.30566,3.29272,4.99902,4.46255,5.52128,4.04858,5.38612,4.03992,3.65886,5.73912,5.65574,3.54816,4.46999,6.22095,3.12068,5.53730,6.07965,5.64040,5.97485,4.01478,3.77230,5.78674,4.63413,5.11338,6.32136,3.54440,4.82596,4.84626,3.83842,5.16857,4.60034,5.38352,4.73151,3.59948,5.26244,4.55573,3.83526,5.27876,4.89537
4.82903,5.20432,4.59210,3.93866,4.58106,5.56551,4.92318,4.39502,3.46907,4.83707,5.16681,6.08926,3.71958,4.00046,5.55920,5.33302,6.04419,5.23375,5.08419,5.92780,5.35715,4.51696,4.45159,4.60547,5.69600,4.60156,4.32225,5.09405,3.48575,5.01603,6.66812,4.98017,5.63485,5.15501,5.25312,4.23493,6.02124,3.00486,6.15999,4.02979,6.03917,3.16297,4.96925,3.71827,3.60876,3.71050,4.88579,3.39872,5.47516,6.33917,4.55452,3.72131,5.23067,5.24751,4.63432,5.06153,3.55145,5.61239,3.68069,4.75053
5.03141,5.31955,3.62250,4.88419,4.48110,4.68754,4.48155,4.11811,3.88447,4.71836,4.17182,3.36490,4.77287,4.15308,6.39757,4.61444,4.59604,3.77900,4.81888,5.66772,5.81380,5.72936,4.51386,5.75626,5.72693,5.11728,5.41693,5.33682,5.11171,5.13028,3.75993,5.70239,3.77973,4.57681,3.35557,5.47690,4.88345,5.07591,4.48695,3.33525,4.58221,4.64013,5.44358,4.63313,5.40129,6.47994,4.50829,5.53096,4.09424,4.61268,3.90219,4.75813,5.86724,5.29180,6.97058,5.05449,5.31492,3.82469,4.85581,4.79720
5.47573,5.37594,4.66143,6.15249,6.73933,5.95900,4.36755,6.69296,6.50153,5.72777,5.85445,6.10490,4.16759,5.39210,6.49802,5.62045,5.70292,3.55412,5.94557,5.63991,5.27995,4.65246,4.09936,6.24885,3.61058,4.17261,3.65005,5.71165,5.28869,5.40371,6.43052,3.94549,3.57671,5.00668,5.72837,5.34540,4.82884,3.20786,5.34919,4.76290,4.61364,4.04600,6.29994,5.85898,5.60922,5.70570,5.22104,3.92364,4.00296,5.73404,5.65143,4.36827,6.45954,3.70775,4.02457,4.74778,4.63548,5.50321,3.41546,4.58946
4.88514,4.07775,3.86506,3.55925,4.58586,5.08310,5.06301,5.35853,6.12923,3.34885,3.42986,5.82153,3.51638,5.65301,6.56786,4.92029,6.75811,4.69484,4.68888,3.97988,4.00977,4.87735,6.08977,4.51864,4.76388,4.20294,4.14520,5.33814,4.12493,4.73335,5.41359,5.15121,5.69210,3.81879,4.43789,5.16826,5.25008,4.31750,4.52715,5.09159,4.26095,3.13974,5.37470,6.51596,4.24372,4.13037,4.55075,6.82101,6.80333,4.18391,3.81062,4.63253,6.33225,5.50628,3.50363,5.20123,4.78803,5.86318,4.49322,4.58016
5.32963,3.16167,4.56857,3.85473,4.99479,4.54264,4.95365,4.42207,4.11959,5.89714,3.32537,3.36030,5.55757,5.10103,6.08343,4.41156,5.48112,6.02310,4.50438,5.70970,5.84907,6.52988,3.99351,6.18779,6.51460,5.77853,4.59805,5.41258,4.70449,4.43469,6.39682,5.83199,4.12682,6.04455,5.58046,4.53849,3.15914,5.36356,6.36898,4.88266,5.38320,5.83780,3.68748,5.55605,4.55319,5.89504,6.11724,4.73170,4.69143,3.34577,5.78313,5.21014,4.14911,4.61079,5.16939,6.18068,5.47092,5.51830,4.20534,5.87935
6.22355,4.44571,3.20774,5.65309,4.67852,5.79636,6.31697,3.52586,4.06929,4.34760,4.39317,4.08982,5.02844,5.70737,5.49460,5.66728,3.44329,4.58995,5.36138,5.84406,5.41342,6.14419,4.58676,4.22592,4.26534,4.52963,4.39351,5.91975,4.07538,5.00607,4.93568,6.71708,6.39203,4.90424,4.84508,4.88160,4.39410,6.75465,6.25090,5.79680,6.44448,3.70642,4.95422,6.50327,6.75837,4.79709,5.34993,4.69437,6.17570,3.20831,4.97460,4.92021,6.52581,5.31128,6.41119,5.83996,5.77610,6.58402,3.48501,6.20768
5.18300,5.58334,4.44644,3.99207,3.49442,3.53737,6.58326,5.29045,4.91337,4.31712,4.34567,4.57414,4.25029,4.07575,4.70789,4.66869,4.22410,5.29682,4.95757,4.35060,3.73444,4.68643,6.56699,5.56289,3.68200,5.60065,3.96434,4.93584,4.20382,5.88263,5.48911,3.44495,5.71871,3.93823,4.07574,3.66404,3.55976,5.54017,4.87463,5.90377,5.62035,4.97244,4.70622,4.54165,4.34527,5.24375,6.62137,5.18056,5.58666,3.07530,5.19057,4.88065,3.54905,4.95873,3.54110,5.47440,4.91624,4.84855,6.36258,5.29779
5.11903,4.85833,5.30814,6.99412,3.05338,5.13384,5.97779,5.56950,5.24797,6.03191,5.74305,3.59967,5.63220,3.69712,6.25831,5.15744,5.77475,5.91972,5.96704,3.31124,4.46919,4.93105,5.47941,3.42045,5.31552,4.72456,3.05560,3.10861,5.00254,6.72798,4.97150,5.76377,4.48661,3.73696,4.38682,6.66451,5.95835,3.91258,6.56242,5.88103,3.57501,4.51244,4.90508,5.14658,5.10706,5.25596,4.37877,6.40517,4.53771,4.12121,4.92349,4.05429,5.65330,4.90414,4.19329,4.16580,5.77496,4.80883,5.27939,4.31123
6.81741,4.41552,4.69801,3.38766,4.28201,5.00207,5.48736,4.68902,5.85488,4.38102,5.82107,5.52276,5.23484,6.09710,4.09246,5.26442,4.85628,5.22798,3.64067,4.11316,4.06039,4.05204,5.68110,5.12570,5.53831,5.69520,5.28125,6.00409,5.79631,4.12592,4.65757,3.90038,6.39765,5.54137,5.61221,3.65810,4.33574,4.68119,4.07325,4.87397,4.70595,6.10524,4.82675,3.92266,4.87434,3.67516,5.97746,5.81648,5.67414,3.28917,5.27037,4.32230,5.63116,5.94533,5.14436,3.52121,4.51715,5.37080,5.54461,4.00726
5.85729,5.00590,5.11895,3.63895,5.25049,3.41682,6.36062,3.99848,3.07172,5.57622,4.28811,4.98691,5.95648,3.75960,4.85091,5.56219,4.19518,5.24976,6.00551,4.43825,5.61661,5.49327,4.94767,6.11811,5.09749,5.08777,3.37316,3.10827,4.65835,3.13813,5.01505,6.43323,5.00563,5.01180,5.19865,4.88668,3.62141,6.06477,3.68475,4.71295,4.66431,5.82355,4.94843,5.80424,4.52882,4.37003,3.77335,5.69712,6.03619,3.88398,3.83590,4.98198,4.33570,3.96585,4.42372,3.44988,6.51958,4.46431,4.76314,5.87041
4.24962,5.97544,4.35688,3.81066,4.00109,6.25882,5.17760,4.68634,6.71093,4.13658,4.77371,5.38769,4.43190,6.51201,3.41133,3.08662,5.09933,5.24669,3.59148,4.88971,5.89240,4.92149,4.95045,4.69623,3.63223,5.83403,5.24927,4.73341,4.65451,4.48678,4.61749,6.23524,6.69679,4.69913,5.05058,5.06289,3.98958,5.24192,5.23355,4.73023,4.29667,6.13483,5.19938,3.96623,5.59953,5.27906,4.51540,5.17691,3.79815,5.30928,4.79910,3.74137,4.71822,5.04253,5.51728,4.67320,5.90759,5.84738,5.46270,5.01698
3.49872,5.79111,5.85663,6.15113,4.16478,4.63155,5.56260,5.39712,4.87507,4.99208,4.30853,6.56898,5.38268,3.19963,3.32673,4.60631,5.39117,4.75039,6.11174,6.31630,5.68115,3.57803,4.26865,5.06314,4.63445,4.86441,4.95824,6.00142,5.03028,4.12869,4.19993,5.67358,6.21899,5.13903,6.66816,6.26194,4.71331,4.63267,3.82205,4.43792,4.23803,4.48634,6.24158,4.31769,5.04876,3.73973,4.77163,4.76825,6.09663,4.47021,5.96369,4.56951,5.58078,6.56523,3.72917,5.38011,3.87772,4.62722,6.10107,6.33206
5.34874,6.58121,5.04304,5.88861,5.91871,4.63772,5.05124,5.17624,6.18395,6.21471,4.82671,4.16173,5.29345,4.95273,4.53348,4.63069,6.00870,4.60116,4.88236,3.29334,5.80038,5.93623,5.31395,5.89634,4.41060,3.77777,3.98052,5.54186,4.79409,5.19087,5.48191,3.38299,5.18765,5.33154,5.66133,5.01176,5.74134,3.81791,5.00717,4.88524,4.31459,3.52084,3.77235,3.03243,6.19862,6.36979,5.83102,3.95537,5.72153,3.17868,5.10287,6.12747,5.83939,6.35198,3.99443,5.02498,4.83545,5.17286,3.78129,5.50773
3.87186,6.73595,5.24203,3.54842,5.74841,4.43458,5.00197,4.59687,4.87704,3.83019,6.48854,4.84187,5.22760,6.88977,5.00826,4.57058,4.91197,6.64101,3.94132,6.17951,4.85332,5.96319,5.97553,5.46854,5.60963,4.56848,3.79678,6.00815,5.92565,5.87780,5.05262,4.31981,5.42938,3.55685,4.57650,4.21503,5.29532,4.23671,5.20074,5.25019,5.46134,3.99286,6.87921,4.11076,4.82686,5.16672,5.17584,4.20033,6.14142,4.04889,3.27827,5.39415,3.74057,5.07042,4.83611,5.28423,4.03615,4.30920,4.63877,5.97946
6.14430,5.15574,4.36306,4.75797,3.90972,3.78163,4.47176,4.65008,5.14645,4.57311,5.00652,4.13462,4.66511,4.92375,5.24654,4.24468,4.91236,4.76667,5.22542,6.48883,4.25956,4.38723,5.25698,4.44855,3.33703,4.49171,4.64736,5.20727,5.07082,5.90706,6.42363,5.68013,5.97461,4.67217,3.01611,3.91120,5.12203,5.29557,4.95359,4.55191,4.29866,3.51053,3.05336,6.43625,4.96429,6.01954,4.73633,4.94060,3.61624,4.15679,3.31028,4.85066,4.68719,6.67888,3.76266,5.65303,3.78985,4.50982,3.76373,6.32645
6.07139,3.42084,4.52351,4.95767,5.08140,4.78040,4.84823,6.37555,4.47163,6.88044,3.87462,5.23920,4.79504,3.26791,4.60142,4.87205,4.49003,5.78053,4.59293,4.81534,3.99230,3.59899,6.46416,4.89121,4.03959,3.62420,4.98195,3.29852,4.48949,3.99663,4.70804,5.25066,4.48281,3.50135,5.04820,4.60862,4.08815,5.15154,5.50909,4.71489,5.58486,5.53972,3.30640,4.82827,4.90033,5.51793,5.08759,3.76959,5.20820,5.04923,5.91353,5.29674,4.05465,4.59697,4.23925,4.54436,4.46538,5.74503,4.52246,5.26163
6.06348,6.17145,5.41466,4.57651,5.66482,5.28173,5.49494,4.27364,5.38853,6.32810,4.99700,5.56322,3.29131,5.35432,5.23695,5.23993,6.44444,5.57455,3.11133,6.96268,3.84067,4.43165,5.15552,6.53656,4.74885,5.93398,6.08271,5.82884,4.05305,3.44123,5.31087,4.59704,4.51431,3.78433,6.63347,4.90119,4.02678,4.62207,4.53933,3.79654,4.49937,4.22882,4.14179,4.96083,6.41860,5.69452,4.92201,5.27532,5.41553,4.55606,5.66140,4.43777,5.90424,6.49541,5.48238,3.17853,4.64929,3.92542,5.71447,5.43167
3.80271,4.75746,5.28219,4.93763,5.15764,3.93510,5.99983,6.14079,4.56167,3.90079,5.16957,5.02750,5.04654,4.47053,4.33970,3.86475,3.04347,5.05738,5.22304,4.27917,5.69521,4.22748,6.20161,5.48680,3.60215,6.53096,4.31425,4.54141,5.08313,6.89559,6.74238,3.09196,4.96433,5.16962,4.57103,5.60073,4.46562,5.17541,4.06224,4.19839,6.08660,6.79216,3.41047,5.30440,5.26777,4.51727,5.16793,6.40539,5.86628,6.50093,5.31974,6.70232,5.32333,4.07634,5.91992,6.19600,5.00324,5.48350,4.82313,5.88574
5.28295,5.11457,4.31551,3.49713,3.93860,4.51979,5.04885,3.60349,3.69136,5.43352,4.16095,4.17813,5.85600,6.88316,4.79319,5.66230,4.22873,3.64179,4.93251,5.35187,4.28994,5.67462,5.52345,6.28681,4.85911,5.56083,4.61598,4.90403,4.85845,4.88166,4.38952,4.32800,6.24499,3.87297,5.23090,6.03592,4.63093,5.72646,6.71572,3.61878,5.48165,5.23979,4.90059,3.86363,5.70293,4.70632,5.34492,6.67510,4.50956,6.73760,5.13587,6.22981,6.02397,5.75906,5.11100,5.59636,6.97536,4.95653,4.52500,3.90326
4.77668,4.56921,3.27297,4.57347,3.78692,6.55345,5.13684,3.34791,4.40171,4.63698,4.47780,3.97935,3.17521,4.81176,4.75513,5.43788,4.98907,5.47511,5.43431,5.24617,3.63897,5.28561,3.80109,6.03757,4.47498,6.17006,4.72351,5.65552,4.68353,4.17956,5.55082,6.55654,5.77895,6.46981,4.38079,4.57039,5.38980,4.90882,5.22904,5.40172,4.27038,3.99462,5.24550,4.36950,5.11299,4.20125,6.46839,5.04397,4.18377,4.68760,4.88264,6.51649,5.87903,6.39308,5.97880,6.10277,4.76398,5.01406,4.58331,5.72409
5.13109,4.45510,4.44201,4.94650,4.95853,4.61695,3.88997,5.42660,3.01785,5.31313,5.62917,6.35519,5.76467,5.44722,5.54563,3.54236,5.40462,4.48777,5.71240,3.80291,4.20742,5.04550,4.33953,4.52287,5.17717,4.13225,5.25063,5.40562,3.94832,4.10709,3.92943,5.01849,5.16940,5.35479,4.55772,6.59963,4.66022,5.61795,3.90796,5.90972,4.48852,5.71713,3.49271,5.20462,6.39269,3.71024,5.02468,5.97920,6.47722,5.92843,5.19119,5.95388,6.04173,5.44642,5.27195,4.88367,4.82153,5.63520,5.70895,6.11996
6.14104,4.72731,5.98655,4.19428,4.71099,3.53398,3.72042,5.12453,4.32263,4.33463,4.47977,5.32086,4.03854,4.95572,5.68867,5.03891,4.07082,4.67488,4.90174,3.90052,5.69611,4.97073,5.61509,5.24152,6.28407,4.68221,5.14889,4.63425,4.61901,5.38164,4.45596,4.95137,4.56867,5.09913,6.14993,4.87810,3.74848,5.46811,4.22604,5.74378,5.21697,3.95019,3.86077,5.41148,4.58285,6.55019,5.36689,5.75427,4.18064,5.29724,6.49470,4.55635,5.29167,3.14887,4.70286,5.50649,4.39728,4.01005,3.88461,3.49541
4.38015,4.99625,6.57722,4.79072,4.89483,4.82258,3.78036,5.46598,4.37365,4.29094,5.82830,5.27205,5.48174,3.56081,6.15963,4.46769,4.76998,4.89058,5.96091,4.55591,3.96938,6.44764,4.89974,4.26451,4.50523,3.42634,3.76735,3.90460,4.71018,6.47719,6.18088,5.18279,4.92233,5.86600,5.71105,4.35894,5.24534,6.33496,4.91174,5.86830,5.77550,3.43975,5.22424,5.14363,4.93254,5.93277,5.03371,3.38067,5.16569,3.04328,3.88329,4.57199,4.25574,3.61048,6.26083,5.58482,3.31323,5.26465,4.59036,5.28277
6.50873,4.54604,4.40910,4.24303,4.64095,6.04628,3.74437,5.65093,3.20971,5.41373,5.23987,3.57766,4.58604,5.51504,5.80367,4.07726,5.57779,6.18865,6.60081,5.32523,5.30145,4.89569,6.30128,4.86389,4.98781,6.64410,6.47293,5.34617,4.68872,3.23593,4.21396,4.64453,6.41013,5.68581,4.77009,3.87952,6.27936,5.65064,4.28663,5.79872,4.28414,6.26111,6.20215,5.60382,3.87381,3.80171,5.21569,4.35794,5.23147,4.65442,4.63207,4.66715,4.42979,4.70137,4.94198,6.38245,4.75406,6.05173,5.10281,5.85898
3.83243,3.78586,5.29273,6.95854,3.35940,3.76837,4.91529,5.41331,4.30947,6.55178,3.59859,5.04850,5.40523,4.21124,3.37297,4.67713,6.41835,5.60388,5.99924,3.14813,4.81028,6.35042,5.64083,5.56401,6.06706,3.45136,3.93099,6.69574,4.78614,5.89989,4.20846,5.52375,5.02639,3.62372,6.12910,5.54166,6.00824,3.54469,4.17883,4.34556,5.72040,6.16615,5.18404,5.48307,4.73805,4.22186,4.41332,5.49318,6.35094,3.21389,4.32509,3.94274,3.99360,5.48481,3.43299,4.43462,3.43746,4.89835,6.75924,4.52131
4.09367,4.90997,5.32526,5.57099,4.60354,5.63946,4.93582,6.18953,3.35377,6.16464,4.37546,4.92016,4.79239,4.12425,5.63835,5.06752,4.20802,4.29238,4.22276,3.87329,4.58547,5.11618,5.31995,4.37123,5.50682,6.17880,5.17579,6.31734,4.00416,5.76747,5.48541,3.91324,4.27105,4.35388,4.85375,4.97255,6.19780,4.17171,5.09403,4.63626,4.22766,3.64081,5.40896,3.44820,4.88470,4.11612,4.68524,6.08149,6.30926,4.85502,6.69176,3.31545,4.83591,4.80991,5.59534,5.67603,4.00132,3.94958,4.26639,5.32848
6.24857,5.98527,4.87408,5.34064,3.35985,5.27478,5.87606,5.05813,4.73977,4.58836,5.44865,4.60038,5.01136,3.52564,3.05274,3.86078,5.07315,3.91738,3.15431,4.09931,4.87439,4.70780,5.00108,6.51165,6.27011,4.02451,6.10759,5.75838,5.68755,5.68889,4.51446,4.37285,6.79256,4.64673,6.24541,5.40726,5.56845,4.67987,3.14904,4.06886,4.93847,3.03126,3.12805,6.46771,3.96096,5.65757,5.11970,4.27936,5.29417,6.01442,5.72870,6.16567,5.19299,5.73878,4.38509,4.61683,4.25971,3.25186,4.43480,4.80545
4.04707,6.28683,5.38073,3.83085,4.64856,5.20622,4.41897,4.25830,4.77293,6.26459,6.07363,5.22727,4.19813,4.64432,5.33565,5.39283,6.14604,4.79879,4.92337,5.86346,4.93085,3.95801,4.93887,3.82270,4.48052,5.87698,4.55317,3.86506,5.53289,3.43395,5.46751,4.49825,4.11866,3.89823,3.94741,3.76525,3.04042,5.16493,6.47986,6.31577,5.84263,5.96377,4.56447,5.03148,4.83833,4.43447,5.94218,4.34458,4.62192,4.21104,5.95903,4.28746,5.09393,4.12682,4.83839,6.49609,6.33222,3.35406,5.08990,6.07006
6.57963,4.80734,4.69912,4.29873,3.56390,6.00201,5.92043,5.98455,6.54483,6.02309,4.37761,3.91126,5.57857,6.51905,4.30325,4.89470,4.96317,4.40622,4.65275,4.00458,5.75242,6.48296,3.28997,5.43125,5.96388,5.39870,4.15284,5.95156,4.28930,4.54026,4.85080,3.63572,5.09467,4.54301,3.91741,6.59712,5.69277,6.66963,5.45091,3.60214,4.70518,5.61811,5.78048,5.47439,5.66863,5.50021,5.74420,4.29419,5.27700,5.59888,4.38668,3.14858,3.84181,6.38537,4.68358,3.76305,4.07827,3.05357,3.92497,5.88484
5.33800,4.24594,4.11671,6.23654,5.47385,5.66926,3.77305,5.63500,4.52365,4.34400,6.04727,4.03628,5.23552,4.47784,5.39880,4.32513,4.85440,5.82009,4.13416,3.65120,5.26914,5.94547,4.99303,5.74896,6.63308,4.52574,5.46565,4.42597,5.05949,4.90645,4.08448,4.32685,3.20529,3.47074,5.26981,4.94879,5.47425,5.57236,4.92165,4.58355,5.65126,5.45180,5.50523,4.19221,5.35432,4.60815,4.60478,4.47604,4.36942,5.44423,5.48646,4.04408,5.36135,4.58807,4.59707,5.06673,4.13873,4.34437,5.33232,4.36973
6.24927,5.70781,5.70188,6.67156,5.67390,6.51882,3.72629,5.12175,6.41132,4.02945,4.09584,5.35318,5.30959,4.40371,4.28067,5.46675,4.02574,5.50755,5.24389,3.50925,5.72616,4.52376,4.13668,4.29909,5.61366,5.29673,5.28968,6.86585,4.23936,4.88129,4.82617,4.36685,4.71055,4.47394,4.94538,3.94243,5.81969,5.75750,5.66095,6.11102,4.57015,4.23101,5.44192,5.92502,4.63808,3.65071,4.84805,3.68477,6.84612,3.98934,3.51903,5.70721,6.02076,4.80947,3.52528,3.80345,5.66787,3.02703,6.08582,5.66239
4.15326,4.92333,4.29989,4.28982,3.97116,5.45983,5.99249,5.90684,4.83040,5.53938,3.97480,5.16018,5.74316,5.10629,5.80895,3.40996,4.43343,6.16231,6.42749,5.25835,5.21169,5.48533,4.23736,3.24303,5.00717,5.04521,6.64412,6.10793,4.79586,6.24605,6.08241,4.68682,4.20492,6.72573,5.89818,4.45881,3.37032,5.20049,5.45451,6.07924,4.36308,5.05091,6.32053,6.87355,4.37254,6.56854,5.05641,5.31526,5.10717,3.67122,5.19519,3.81591,3.32979,6.17810,3.47519,4.47022,5.81190,3.56121,4.73680,5.51450
5.22184,3.88864,6.25860,5.87350,4.53927,5.55498,6.21877,5.73773,4.79359,5.49636,5.73445,4.14295,6.73797,4.29974,5.51196,4.35826,6.00332,4.17768,5.68752,5.56328,6.11755,3.92263,5.72068,5.59682,5.66117,5.82739,4.41415,4.23438,5.50209,4.88456,5.11377,5.99560,5.63603,6.86293,4.24258,4.93484,6.51977,3.65147,6.92594,4.45821,4.84380,5.07191,4.76399,4.39194,4.25543,3.90258,6.49801,3.75375,4.83612,4.85619,4.74890,5.38701,5.76992,4.91974,3.61617,5.58738,4.39878,5.46088,6.71491,5.61760
5.10777,4.72284,5.24366,4.39608,5.92069,5.67899,4.77108,5.02805,4.72614,3.15635,5.06687,5.98249,3.73259,3.78901,6.74221,3.86775,5.26126,6.52124,4.59557,4.86252,6.49960,4.05639,3.17097,5.22893,6.17940,5.35757,5.90245,4.49005,5.32054,4.56201,4.87726,6.05882,6.27266,4.94076,4.61293,3.81371,3.79551,6.01904,4.30969,3.94476,6.34984,6.22488,5.79854,4.92488,3.64625,3.58786,5.21071,4.29283,3.53178,4.80982,4.81056,6.39676,6.37845,3.91304,5.58344,5.59116,4.67404,3.11644,3.55853,3.98948
4.91993,4.51239,4.78038,4.33661,5.19747,6.94109,5.43332,3.14076,5.61130,4.49528,5.37601,4.11879,4.03999,6.44153,5.99075,4.61452,5.65542,6.20110,4.57320,4.01989,5.22017,5.51663,5.25488,5.52633,5.42108,5.99314,4.65923,4.33250,5.01905,4.46169,4.52525,6.80923,4.99015,3.00284,6.07178,5.05247,6.01232,4.66820,4.00795,4.91537,3.96698,5.21502,3.80100,5.11221,5.06557,4.09473,4.92608,3.56080,3.49267,5.04382,6.34825,5.39725,3.05175,6.56238,4.97851,6.69420,3.79130,4.06100,6.58965,5.22510
4.47844,4.70853,5.14679,4.89156,5.41837,4.89249,3.32491,4.59027,5.19699,5.88409,3.51703,3.97618,5.80517,5.76708,4.77652,3.73580,4.11562,3.91499,5.90768,5.00353,5.57076,4.97401,6.06389,3.50285,4.87506,5.00192,6.22766,4.94061,4.54712,6.62549,4.12210,3.77188,5.30459,5.60217,6.21530,4.40407,5.21791,5.91658,4.34178,6.38973,4.73151,4.73908,5.34276,5.16795,5.03943,5.26015,6.25672,4.97382,4.77209,5.37102,5.83391,3.80922,4.09305,4.19401,4.09441,5.53869,5.68229,5.32635,5.15026,6.36916
5.97956,4.62545,4.29625,4.49210,5.23804,5.56778,4.45736,4.78684,3.64872,3.99228,3.99306,3.71931,4.23415,4.66849,3.91176,4.94221,3.49284,4.60409,5.65049,4.91667,6.56162,3.10786,3.62820,4.13486,6.62711,3.51954,6.50237,3.99641,4.61719,4.41142,5.28553,4.45313,5.21159,4.67169,4.27203,5.15973,3.92317,6.98111,5.57117,4.76426,6.58029,4.89697,5.13206,4.36625,4.84765,4.53511,6.39952,4.45958,6.12537,6.96316,3.75500,5.51616,5.29937,5.82820,4.91429,5.65378,3.55575,5.55698,3.59896,6.13832
5.41751,3.37217,5.24340,5.22432,5.04141,4.65430,5.15346,5.51335,5.27353,5.18319,5.47653,6.28981,5.14233,4.88676,4.81003,5.90436,6.29484,5.38638,6.90974,5.80749,4.44706,4.41341,3.60520,3.87006,5.71272,6.21152,3.89266,6.52826,3.54756,4.33975,4.82851,4.56868,4.91435,4.21147,4.67663,5.76491,5.01811,5.44405,4.62446,4.54407,5.82456,4.52749,5.38363,5.30476,3.86993,5.54630,5.50916,3.10664,4.06062,3.39173,4.26068,4.87081,3.66003,4.30215,5.74522,4.86129,5.91640,5.04520,4.30282,4.33931
