9.91835,9.93303,9.93909,9.92600,9.92328,9.91826,9.91311,9.91206,9.91275,10.00000,9.98229,9.96435,9.91788,9.92034,9.93399,9.92656,9.92117,9.91553,9.91293,9.91236,9.91246,9.99873,9.97373,9.97102,9.91779,9.91754,9.92748,9.92116,9.91812,9.91583,9.91623,9.91472,9.91360,9.99261,9.98055,9.99215,9.91709,9.91738,9.91751,9.91401,9.91324,9.91494,9.92003,9.91811,9.91899,10.00000,10.00000,10.00000,9.91740,9.91668,9.91618,9.91207,9.91161,9.91578,9.91766,9.91585,9.92145,10.00000,10.00000,10.00000
9.91353,9.92847,9.93499,9.92039,9.91503,9.91412,9.90978,9.90914,9.90960,10.00000,9.97643,9.95835,9.91293,9.91543,9.92986,9.92156,9.91279,9.91105,9.90956,9.90943,9.90927,9.99077,9.96728,9.96514,9.91293,9.91277,9.92334,9.91816,9.91137,9.91137,9.91296,9.91179,9.91032,9.98403,9.97412,9.98681,9.91217,9.91259,9.91303,9.91095,9.91043,9.91056,9.91687,9.91522,9.91585,10.00000,10.00000,10.00000,9.91253,9.91183,9.91184,9.90906,9.90882,9.91123,9.91429,9.91280,9.91843,10.00000,9.99938,10.00000
9.90951,9.92470,9.93159,9.91269,9.90793,9.91068,9.90698,9.90668,9.90695,9.99528,9.97139,9.95311,9.90882,9.91131,9.92644,9.91396,9.90554,9.90729,9.90672,9.90696,9.90658,9.98389,9.96164,9.96001,9.90890,9.90880,9.91990,9.91252,9.90417,9.90763,9.90889,9.90748,9.90673,9.97650,9.96847,9.98221,9.90809,9.90861,9.90926,9.90837,9.90742,9.90690,9.91336,9.90978,9.91079,10.00000,10.00000,10.00000,9.90850,9.90779,9.90822,9.85734,9.48992,9.90742,9.91145,9.89711,9.91103,10.00000,9.98837,10.00000
8.55297,8.51147,7.54214,6.69648,5.81125,8.54123,7.22715,5.87913,7.02528,7.77282,7.21193,5.12551,8.27092,8.55635,7.75373,6.66248,6.53541,8.44011,7.36049,6.83540,7.58689,8.49671,7.28620,7.32406,8.09667,8.55844,8.28630,5.83747,6.79388,8.14157,7.36574,7.15936,5.95848,7.50776,7.94777,7.35781,7.33788,7.77313,7.97020,6.41415,6.21211,8.54330,6.69074,6.65024,5.03045,8.68505,6.28570,5.65499,8.43415,8.17414,8.52272,6.21313,6.93739,7.47126,6.36740,7.28499,6.04440,7.77816,6.92897,7.70278
1.22250,1.39835,2.40408,2.09026,2.85006,1.30151,1.50716,2.87623,1.61354,2.29436,1.70133,3.74981,1.60998,1.24065,2.18254,2.12160,2.32202,1.43479,1.34988,1.90420,1.13816,1.55493,1.56015,1.55054,1.80513,1.23582,1.64360,2.91798,1.98059,1.73051,1.37123,1.58732,2.76514,2.51491,0.91635,1.50588,2.56770,2.13072,1.93661,2.36962,2.56229,1.30520,2.06415,2.11810,3.68870,1.38690,2.46986,3.13927,1.46296,1.72197,1.37561,2.68585,2.43201,2.44733,2.38494,1.60031,2.70958,2.32133,1.99109,1.23268
0.78625,0.81547,0.85351,0.31928,0.53399,0.36813,0.42848,0.36250,0.58473,0.97208,0.43128,0.44459,0.45482,0.85314,0.49846,0.38937,0.30409,0.82873,0.44833,0.31009,0.44276,0.96596,0.38818,0.47356,0.34926,0.86923,0.82429,0.39222,0.37748,0.79239,0.44456,0.37039,0.40638,0.97034,0.49542,0.54889,0.83290,0.65475,0.81399,0.35292,0.34886,0.67740,0.40156,0.40306,0.47419,0.92504,0.69828,0.66144,0.71422,0.80370,0.67592,0.32689,0.25050,0.83092,0.42739,0.30037,0.49959,0.72639,0.49057,0.40186
0.73627,0.43468,0.68483,0.41454,0.03305,1.33705,0.15746,0.19473,0.01163,0.62078,0.48244,0.22480,1.14300,0.60297,1.15906,0.25133,0.21149,0.80643,0.11309,0.25952,0.15656,0.87186,0.51703,0.21076,1.32356,0.53979,0.75270,0.11979,0.00000,0.43517,0.10991,0.36731,0.46035,0.76104,0.23410,0.37346,0.36487,0.71487,0.39612,0.33599,0.46161,0.63152,0.28432,0.20565,0.00779,1.08927,0.21186,0.26239,0.78550,0.40712,0.93982,0.22273,0.32637,0.87643,0.01759,0.35336,0.07366,1.25069,0.22147,0.47797
0.59579,0.80878,1.08739,0.37599,0.05109,0.32549,0.47411,0.40037,0.35859,1.36472,0.55154,0.57160,0.70396,1.06497,0.51939,0.02623,0.35718,0.42605,0.14819,0.00377,0.47417,1.11002,0.33748,0.55116,0.33534,0.72749,0.48985,0.00691,0.49087,0.91851,0.15591,0.29811,0.10722,0.66466,0.45340,0.47115,1.22520,0.83179,0.88087,0.15565,0.07057,1.25281,0.34603,0.42705,0.48063,0.77249,0.57858,0.62057,0.63889,1.35826,0.63047,0.09838,0.01429,0.36431,0.36608,0.12752,0.16628,0.45892,0.34060,0.42305
1.10149,1.24061,0.33083,0.03247,0.76789,0.99675,0.19544,0.14951,0.53170,0.53663,0.29869,0.29886,0.58529,0.46072,0.70656,0.47008,0.03542,1.07713,0.92569,0.75980,0.33019,0.81646,0.67260,0.51316,1.00932,1.19050,0.90505,0.71100,0.22187,0.99957,0.68537,0.13112,0.15496,1.24531,0.73896,0.64249,0.44011,0.65413,0.87412,0.07659,0.24109,0.34755,0.47164,0.06260,0.50841,0.65418,0.34804,0.33675,0.75292,0.32493,0.60328,0.12781,0.56333,0.84026,0.68406,0.13736,0.82293,1.53253,0.67560,0.67720
0.61942,0.46002,0.96552,0.08238,0.21821,0.66907,0.51353,0.16059,0.36776,1.05948,0.48275,0.77617,1.19219,0.92146,1.28934,0.16030,0.43860,1.19737,0.20733,0.03893,0.15083,0.63631,0.41197,0.15473,0.64539,0.67340,0.98136,0.44316,0.47177,0.90640,0.64455,0.16782,0.95881,1.23800,0.30073,0.29610,1.14725,1.39220,0.74133,0.76130,0.18781,1.19925,0.05643,0.10511,0.12612,1.24729,0.34632,0.34123,0.77431,0.95455,1.20310,0.80891,0.08352,1.29150,0.14270,0.44335,0.16035,1.02749,0.66727,0.52952
0.98719,1.49553,0.98196,0.46535,0.13561,1.04164,0.15360,0.33654,0.18147,0.83429,0.67059,0.26138,1.22706,0.79484,0.82362,0.28976,0.06879,0.29509,0.07915,0.18997,0.54572,1.48021,0.35021,0.96749,1.16624,0.68575,0.74310,0.33206,0.14670,0.47361,0.07265,0.20523,0.15086,1.00621,0.58469,0.59797,1.04973,0.27742,0.81399,0.08324,0.22780,0.47330,0.75132,0.59591,0.33442,1.32422,0.92476,0.78166,1.12535,1.05628,0.49719,0.18303,0.57038,0.82648,0.25321,0.07730,0.20919,0.63517,0.29238,0.29578
0.82496,0.21669,0.87354,0.53753,0.21443,0.84707,0.96068,0.44588,0.85537,0.96730,0.53213,0.73350,0.13148,1.19233,0.44010,0.32997,0.74892,0.79872,0.79950,0.75914,0.23837,0.88956,0.56309,0.32722,0.49527,0.80473,0.71438,0.14723,0.20282,1.49705,0.45545,0.44862,0.23368,0.78858,0.64399,0.67885,0.37961,1.46260,1.16300,0.12833,0.38600,0.86841,0.06123,0.24607,0.53173,0.61195,0.41416,0.27031,1.08063,0.66688,1.42845,0.46770,0.16167,0.77995,0.43261,0.83247,0.88656,0.70493,0.22233,0.25607
0.63316,1.07152,0.79975,0.15839,0.75846,0.60506,0.13699,0.31938,0.18613,1.39789,0.51055,0.45015,1.72128,0.43875,0.91388,0.33350,0.33334,1.27174,0.05205,0.13417,1.09853,0.60139,0.56451,0.30716,0.81730,1.67669,1.28241,0.18588,0.24802,0.99043,0.14744,0.80306,0.27796,0.59621,0.31316,0.37922,1.13859,0.43854,0.91716,0.60411,1.08503,0.88096,0.44016,0.16828,0.25353,1.17119,0.31530,0.90597,0.29789,0.66042,0.45803,0.41466,0.19972,0.50517,0.66154,0.07710,0.53039,1.24492,1.05473,0.90034
0.84521,0.95968,0.64733,0.18820,0.18270,1.79430,0.20098,0.20578,0.23619,1.11785,0.40364,0.30166,0.55150,0.80797,0.82410,0.30573,0.23944,0.58826,0.42056,0.18083,0.11968,1.48051,0.12912,0.24492,1.53147,0.01566,0.40499,0.22668,0.69734,0.14345,0.40710,0.04584,0.50975,1.07853,0.28908,0.33625,0.46553,0.73935,0.42958,0.30537,0.09746,0.72969,0.38540,0.47934,0.41821,0.61828,0.89771,0.15410,0.82234,1.54164,0.57982,0.12397,0.38928,0.97151,0.23933,0.10614,0.30994,0.71944,0.51933,0.58037
0.79965,0.50498,0.85020,0.52963,0.22803,0.63028,0.35751,0.66318,0.37468,0.40982,0.35505,0.23124,0.30040,1.80951,0.91509,1.56080,0.17784,0.85050,0.76186,0.21931,0.16217,0.97544,0.74601,0.75547,0.86364,1.18616,0.91197,0.38721,0.07799,1.28994,0.67150,0.09549,1.10726,0.59770,0.47973,0.25292,1.75719,0.69091,1.20137,0.26974,0.13855,0.82206,0.74327,0.53923,0.64529,1.58985,0.37306,0.11906,0.81295,0.55730,1.28674,0.16868,0.24588,0.70188,0.31274,0.80580,0.12218,1.63578,0.52187,0.36451
0.83297,1.79100,0.83832,0.51710,0.25745,0.12195,0.97728,0.08334,1.18322,0.80082,0.30287,0.91290,1.42082,0.62332,0.67611,0.04472,0.21603,0.63011,0.15887,0.60734,0.38271,0.34540,0.59417,0.74985,0.11798,0.63359,0.86342,0.67903,0.76222,0.31943,0.16239,0.49833,0.10923,1.82152,0.89280,0.68975,0.00787,0.96335,0.74341,0.19328,0.17843,1.01284,0.22130,0.63428,0.78597,0.26748,0.31412,1.23537,1.87447,0.93279,0.92818,0.35973,0.69570,1.54015,0.34316,0.67952,0.19584,0.47027,0.38880,0.32361
0.99066,0.84739,1.29388,0.14477,0.25767,1.26223,0.16979,0.87797,0.11817,1.73199,0.22479,0.24685,0.66773,0.14016,1.56093,0.03825,0.48125,1.04028,0.19447,0.37185,0.24615,1.63800,0.39367,0.22447,1.56047,0.71180,1.69037,0.75788,0.18684,1.23149,0.68572,0.52647,0.16077,0.16949,0.37852,0.29442,0.87238,0.99434,0.56904,0.68798,0.23937,0.94321,0.26738,0.14990,0.02987,1.36869,0.64719,0.49305,0.30611,0.37241,1.12951,0.45235,0.06386,0.43737,0.70109,0.12804,0.64693,0.68860,0.33893,0.82048
1.05212,0.01989,1.47778,0.17554,1.34243,1.09127,0.21303,0.08252,0.15915,0.62488,1.14456,0.57935,0.44063,0.94420,0.10181,0.05387,0.17485,0.61618,1.41844,0.10348,1.21322,0.25865,0.56368,0.73005,1.19067,1.35454,0.95257,0.10021,0.22457,0.87519,0.18935,0.27102,0.20142,1.76329,0.33286,1.06150,0.76706,1.53654,1.48894,0.14383,0.68062,0.53450,0.31025,0.18797,0.12879,1.36649,0.71425,0.37385,0.69542,1.50391,0.82437,0.26284,1.02394,1.06005,0.09221,0.16447,0.48739,1.70194,0.56790,0.38025
1.19263,1.59460,0.28377,0.55500,0.17810,1.29749,0.25096,0.10771,0.18854,0.54863,0.50349,0.10994,1.80535,0.68991,0.91011,0.35028,0.72587,1.19732,0.03586,0.53678,0.49705,0.82546,0.47620,0.45072,0.47191,0.25799,0.30027,0.13141,0.25412,1.13704,0.22962,0.34703,0.48425,1.03173,0.22762,0.34375,0.75705,0.20656,0.14008,0.47454,0.45496,0.78471,1.48504,0.21713,1.01317,0.63395,0.50643,0.28129,0.47561,0.15524,0.23090,0.36378,0.24660,0.35038,1.15427,0.19334,0.50688,1.07524,0.14428,0.64577
0.28692,1.19380,0.42251,1.08495,0.67808,0.20243,1.24988,0.53116,1.01608,1.01617,0.27625,0.96430,0.41192,0.80356,1.76597,1.19003,0.77351,1.56709,0.07057,0.65769,0.23262,1.11575,0.43847,0.45331,0.79875,1.12760,0.87726,0.18534,0.27980,0.57431,0.61115,0.13355,0.24574,0.37915,1.00298,0.25982,0.81878,1.06038,1.04166,0.18667,0.09416,1.55080,0.00245,0.23462,0.07977,0.37449,0.32708,0.17709,2.10494,1.73398,0.66450,1.18277,0.07398,1.89062,0.86710,0.21330,0.96170,0.41490,1.05411,0.44434
0.92336,0.38193,0.74714,0.07568,0.05374,1.03947,0.75675,0.71699,0.52941,1.74240,0.51962,0.41802,0.31914,2.12969,0.77996,0.09775,0.29004,0.00515,0.29559,0.17000,0.54783,1.68659,0.48240,0.55620,0.32755,1.01822,0.37594,0.33929,0.29926,0.39781,0.72126,0.80374,1.50426,1.28976,0.13069,0.92026,0.99118,0.29036,0.99420,1.19199,1.26867,1.16909,0.01699,1.27592,0.10696,1.79408,0.22217,1.19510,0.07469,0.28769,1.01807,0.11696,1.18267,0.92665,0.00787,0.28263,0.07096,1.57952,0.51074,0.32988
1.62944,0.24152,1.13904,0.31983,0.07977,0.15358,0.13623,0.15833,0.47105,0.91923,0.34753,0.35678,2.16414,0.04445,1.07947,0.47083,0.10155,1.88085,0.52982,0.55109,0.06945,0.64419,0.54478,0.32411,0.74785,1.20264,1.42953,1.44194,0.28040,1.19602,0.27331,0.53016,0.62807,0.23077,0.85015,0.45254,1.33996,0.95770,1.42664,0.78486,0.37851,0.94265,1.24368,0.10905,0.98018,1.15290,1.01552,0.42316,1.59448,1.19074,0.96783,0.13753,0.11766,0.98603,1.08939,1.41406,0.10047,0.42473,0.50747,0.72218
0.20233,0.82396,1.16690,0.08756,0.08476,0.87510,0.15333,0.43702,0.81302,0.48784,0.12123,0.64306,0.01027,1.46274,0.45151,1.02236,0.10882,0.58075,0.13067,0.53111,0.30627,0.58478,0.19582,0.64202,1.79222,0.05795,1.01755,0.47305,0.54586,1.42251,0.32553,0.14288,0.30394,1.73919,0.49067,0.36945,0.15907,0.66840,0.63500,0.15144,0.14569,0.01105,0.90931,0.31588,0.09491,0.66697,0.33911,0.33096,0.28189,0.16163,1.12199,0.65111,0.10081,0.24226,0.20039,0.09851,0.12503,0.87008,0.45092,0.53242
0.40190,1.24704,0.21707,0.77882,0.30714,0.86342,0.16836,0.17943,0.08801,1.44267,1.17133,0.22082,0.77997,0.91699,0.54184,0.14113,0.56900,0.53538,0.70219,0.49023,0.09196,1.04013,0.76758,0.44591,0.06158,0.79916,0.46511,0.20393,0.81763,0.36464,0.57672,0.15739,0.87021,1.28229,0.53516,0.74410,0.83896,0.82811,0.50976,0.76440,0.16087,1.63700,0.07739,1.14520,0.52977,0.13488,0.35028,0.78014,0.19870,1.85392,0.50910,0.41016,1.33771,0.33233,0.02333,0.10110,0.71696,0.64288,0.41220,0.43296
1.23669,0.58264,0.90423,1.32397,0.98858,0.90171,0.18034,0.18216,0.97860,1.13342,0.48250,0.12611,0.40731,0.54098,0.62877,0.35197,0.19124,0.49180,0.45453,0.93127,0.97940,1.26277,0.26333,0.55079,0.65327,1.17698,0.42046,0.22228,1.32536,0.33039,0.11414,0.15970,0.45609,1.04158,0.42479,0.42353,0.81722,0.79801,0.48496,0.17865,0.71197,0.39902,0.08444,0.40109,0.83889,2.16534,0.57587,0.34038,1.15916,0.97901,0.50871,0.16661,0.13188,0.68246,1.42437,1.32744,0.14830,1.41603,0.67758,0.57785
1.49176,0.66459,1.37242,0.12154,0.08612,1.96939,1.49707,0.23219,0.67418,0.70721,0.48037,0.57941,1.62567,0.25230,0.54584,0.15024,0.11393,0.53225,0.10329,0.15374,1.36143,0.78684,0.67504,0.37689,0.90558,0.86528,0.90333,0.22466,0.06774,0.98096,0.82938,0.89180,0.09565,0.79269,0.31542,0.30189,1.72441,1.94350,1.46782,0.19176,0.17570,0.18650,0.58193,0.26933,0.11997,0.72927,0.74840,0.50248,1.00188,0.13980,1.02822,0.29593,0.13859,1.80991,0.43473,0.13013,0.78933,1.53298,0.57339,0.15250
0.07580,1.64995,0.19976,0.11519,0.39112,0.16532,0.08012,0.42997,0.11526,0.92794,0.39364,0.95221,1.12677,0.77148,1.85538,0.15577,0.10968,1.00015,1.41645,0.26224,0.09565,1.53409,0.48049,0.46801,0.83161,1.29120,1.54987,0.53966,0.40386,2.26447,0.12645,0.15092,0.09816,0.71305,0.17396,0.17398,1.02868,1.23620,0.85474,0.19282,0.79722,0.95539,0.81910,0.15385,0.96963,0.85300,0.51680,0.12774,0.36448,0.43273,1.34054,0.29528,0.65861,0.04490,0.22667,0.35707,0.16120,0.97106,0.42310,0.89822
0.55642,0.58089,2.03901,1.01793,0.07318,0.20786,1.18861,1.78864,1.07528,1.33119,0.24500,0.43943,1.35352,0.64678,1.06771,0.15350,1.03435,1.39970,0.09340,0.55961,1.17279,0.53437,0.47230,0.69350,1.43128,0.01152,0.08486,1.19777,0.84078,0.41277,0.22164,0.14197,0.80173,1.08475,1.06365,0.41908,0.90508,0.20454,0.09413,0.24425,0.18544,0.67883,0.78429,0.25913,1.05428,1.06463,0.19393,1.03843,2.11420,2.46901,1.64190,0.15047,0.13924,0.71978,0.17806,0.11185,0.16322,0.46333,0.54456,0.18887
2.36817,1.89557,0.00908,0.11757,0.78416,1.79065,0.07119,0.28237,0.64289,0.63803,0.58021,0.45522,0.93671,1.04650,0.56337,0.14608,1.61639,0.17774,0.85182,0.79176,0.18573,1.32760,0.36641,0.33637,0.77792,0.91343,0.75620,0.53300,0.04489,0.86293,0.39958,0.66625,1.27679,0.47438,0.49468,0.70954,0.15334,1.63779,0.90472,0.42821,0.58004,1.86224,0.83109,0.13450,0.14513,0.85505,0.86085,0.18157,0.16892,0.45665,0.01475,0.24290,1.26775,2.27424,0.25628,0.42833,0.40183,1.56064,0.20072,0.15599
0.20630,0.01147,0.96180,0.10317,0.04686,0.00483,0.06169,0.31862,0.24401,1.21545,0.11707,0.41646,0.09837,1.44850,1.43990,0.90629,0.19278,2.17734,0.98505,0.11603,0.18374,1.09845,0.50551,0.56562,0.16387,1.75473,1.18622,0.29482,0.02609,1.21612,0.28553,0.96916,0.11241,1.62205,0.45988,1.01233,0.86841,0.69675,0.85817,0.37371,0.18629,0.88341,0.18440,0.98738,0.80814,1.41353,0.39296,0.13256,1.12263,0.45529,0.17616,1.75955,0.43990,0.28450,0.19467,0.08120,1.50123,0.37154,0.80133,1.17578
0.00653,0.60031,1.44432,0.08536,0.99404,1.14081,1.18189,0.05354,0.25648,1.12642,1.10383,0.50553,0.14358,1.11311,0.11973,0.73099,0.18684,0.01153,0.06929,1.08915,1.10654,0.44601,0.60266,0.47770,1.65706,0.81069,0.37103,0.69287,1.19463,1.10184,0.10054,0.58778,0.10554,1.09850,0.31751,0.32714,0.37980,0.26313,1.85620,0.87700,0.17429,0.15917,0.19815,0.09779,0.70227,0.94687,0.28729,1.15798,0.49274,0.34822,2.46429,0.77989,0.24515,0.18262,0.89240,1.69547,0.79618,1.17517,0.14929,0.50841
1.26086,1.18053,1.52472,0.60813,0.00867,1.41483,0.40625,0.83141,0.26105,1.00724,0.49602,0.54487,1.02792,1.23456,0.47787,0.08440,0.17441,0.15628,0.17016,0.08089,0.19370,1.36650,0.27487,0.49883,1.88945,0.92730,2.08141,0.22180,0.19520,0.41944,1.37950,0.07423,0.09351,1.16011,0.16560,0.56072,2.30823,0.83869,0.09565,0.11403,1.02310,0.95567,0.29503,0.07370,0.25053,0.98698,0.18129,0.48973,1.01897,1.70719,1.10145,0.52686,0.20702,0.51900,0.76881,0.03953,0.72853,1.26566,0.11514,0.51187
1.38858,0.02192,0.10378,1.30590,1.28450,0.35002,0.17879,0.93908,0.70081,0.98266,0.41099,0.47555,1.10067,1.09431,1.52056,0.41961,0.45954,2.32521,0.03765,0.05507,0.38488,1.05170,0.10414,0.10840,0.33179,0.93491,0.39744,0.20479,0.18684,0.47573,1.57732,0.46940,0.72627,0.48574,1.09110,0.49231,1.24660,0.59589,1.38915,0.09042,0.13420,0.22008,0.18329,0.04478,0.14005,1.08031,0.12283,0.42176,0.31864,0.34810,0.04736,0.19998,0.19893,0.90003,1.07507,0.85887,0.74556,1.17102,1.30298,0.41821
0.35323,0.99531,0.06293,0.32326,0.00396,0.90619,1.37703,0.44329,0.25278,0.34930,0.28320,0.48853,0.24256,0.94140,0.00109,0.01685,0.68117,0.00206,0.59832,0.02422,0.18879,0.10485,0.58627,0.94790,0.99561,0.41417,1.82889,0.18440,0.67092,0.13936,0.24123,1.34730,0.32327,0.33797,0.49673,0.64030,0.97747,0.33242,0.21927,0.05006,0.10944,1.98344,1.55906,1.23947,0.42432,0.88644,1.08915,0.28221,1.09319,0.71899,1.22861,0.70876,0.17696,2.15202,0.28635,0.45397,0.18428,0.42935,0.44500,0.34520
0.30846,0.94853,0.56664,0.32193,1.07450,0.20584,0.14987,0.14162,0.24037,1.51256,0.76756,0.33872,1.78806,0.03117,0.79475,1.15928,0.45288,0.42427,0.00542,0.41511,1.02664,1.88095,0.87477,0.47541,0.75961,0.10693,1.08142,0.65612,0.14006,0.74938,0.23416,0.29873,0.02809,1.85761,0.46963,0.50561,0.40064,1.39032,0.86114,0.80044,1.02859,0.24216,0.55977,0.16166,0.11003,0.88959,0.91247,0.14589,0.30274,1.17860,0.08077,0.27817,0.48588,1.11990,0.27739,0.32733,0.73187,1.55118,0.50525,0.15881
2.09329,2.47938,1.07003,0.43344,0.21005,1.56042,0.43158,0.76222,0.27627,1.06122,0.38781,0.55293,0.40706,1.78708,1.48043,0.89712,0.09118,1.46196,0.67491,1.56681,0.16783,0.97327,0.40559,0.31835,0.84551,2.58711,0.39124,0.13319,0.31663,0.74207,0.22274,0.30097,1.16266,1.19682,0.38727,0.41551,0.18326,0.74552,0.36938,0.01116,0.05031,0.61000,0.15130,0.00327,0.89985,0.85512,0.44674,0.71242,1.76169,0.03797,0.69635,0.37379,1.15464,0.68955,0.47269,0.32254,0.44340,0.97663,0.39759,1.19725
0.79749,0.17868,0.71579,0.31253,0.61703,2.13396,0.03130,0.34010,1.48520,0.99718,0.56341,0.53627,1.86097,0.09055,1.08464,0.00000,0.05876,1.61155,1.64663,0.20782,1.08778,0.34170,0.12411,0.25497,0.21767,0.57039,0.72910,1.03854,0.96439,1.66552,0.55362,0.28601,0.01974,1.00158,0.73963,0.63904,0.14867,2.08321,1.63066,1.12442,1.27715,0.92140,0.74506,1.00645,0.07000,1.33319,0.35402,0.92466,1.40296,1.47613,1.88717,0.23297,0.35809,0.99902,0.24128,0.30792,0.11443,0.32105,0.67603,0.20456
1.51331,0.25351,1.93553,0.27131,0.32191,0.39484,0.02942,0.31235,0.44074,1.08010,0.46882,0.59187,0.96250,1.76970,0.09091,0.84617,0.01959,0.93747,0.70873,0.18193,0.16397,1.37915,0.80366,0.91899,0.22872,0.16536,0.07916,0.06520,0.31987,0.01697,0.19185,0.26401,1.63517,0.76797,0.42419,0.41851,1.22141,1.21967,0.31685,1.03494,0.04987,0.96564,0.10730,1.08329,1.45912,0.94851,0.16370,0.41460,1.50976,1.16887,1.32135,0.20179,0.04743,0.69776,0.56486,0.28692,0.27441,1.13795,0.26212,0.16697
0.31945,0.33687,0.37787,0.23335,0.31043,0.59095,0.41871,0.28162,0.59395,0.50782,0.48240,0.37579,0.01107,0.81394,1.06375,0.44959,0.38809,0.96185,0.24708,0.13643,0.60228,1.20170,0.47438,0.40492,1.25626,2.12062,0.32467,0.96589,0.38325,1.73472,1.16923,0.82161,0.33853,1.22551,0.25310,0.58837,2.12942,0.42399,0.48284,0.65679,0.80972,1.91783,0.93767,0.43931,0.18225,1.04397,0.90529,0.14878,0.36364,0.57198,0.51724,0.16562,0.35712,0.00738,0.51951,0.25431,0.98492,0.52634,0.76830,1.12964
0.96152,1.05928,2.15782,0.74352,0.37270,0.52594,0.50960,0.24795,0.41659,1.03215,0.49862,0.31515,2.19021,0.18701,1.25359,0.29457,0.00000,0.69931,0.24295,1.14356,0.27934,0.77571,0.45394,0.26469,1.53354,0.38795,2.30467,0.26485,0.26285,0.64815,0.54694,0.26117,0.19945,0.66273,0.15036,0.53961,0.77715,0.00579,2.01926,0.21632,0.17596,0.54395,0.64782,0.29776,0.15247,0.91639,0.60086,0.87386,0.77159,0.78013,0.32665,0.36040,0.80254,0.44195,0.39557,0.37152,0.01350,2.00067,0.54690,0.39502
0.14883,0.44425,0.08558,0.21925,0.26355,0.53868,1.71396,0.78209,0.16282,0.35500,0.48663,0.15308,0.31595,0.45132,0.02687,0.40987,0.50210,0.30467,0.87933,0.22048,0.05902,1.04187,0.33021,0.14026,1.82429,0.72014,1.17120,0.60705,0.00091,1.68574,0.73628,0.13839,0.17565,1.24311,1.16713,0.43233,1.14905,1.62287,1.26649,0.17997,0.13735,0.57758,0.51951,0.28156,0.53076,1.10094,0.46587,0.43943,0.49062,0.03184,0.44159,1.04945,0.71063,1.47321,0.13489,0.53553,0.01285,0.97568,0.36139,0.18095
2.29635,0.90646,1.26813,0.07605,0.22887,0.61738,0.47615,0.16156,0.23233,1.96682,0.40774,0.37038,0.20108,0.27309,1.31131,0.62793,0.00000,0.23656,0.19326,0.50037,0.53222,0.46739,0.12667,0.33575,0.92634,0.23858,0.92545,0.35909,1.08797,0.00582,0.21159,1.07027,0.52076,1.09821,0.35265,0.61683,1.17848,0.58738,0.39438,0.12900,0.34274,0.78910,0.29575,0.25429,0.07336,0.91533,0.51473,0.46365,0.62406,1.03000,0.27502,0.80971,0.31868,0.89101,1.50126,0.11470,1.56558,0.34928,0.28540,0.92310
0.03052,1.20721,0.10398,0.62744,0.90542,0.39023,0.56637,0.10785,0.15613,0.62493,0.61951,1.14441,0.41834,1.58380,0.57801,0.35444,0.82551,1.15181,0.90872,0.60130,0.01731,1.22148,0.97361,1.26205,0.00825,1.38037,0.97959,0.20595,0.08934,0.70739,0.76069,0.22584,1.15338,0.58649,0.65352,0.51988,0.03162,0.00584,0.53658,0.06829,0.11408,0.67815,0.54453,0.20954,0.46995,1.08497,0.55365,0.51771,2.22490,1.06439,0.81466,0.30800,0.11473,1.94223,0.25246,0.68673,0.46971,1.68268,0.13344,0.47825
0.83879,1.54178,0.11228,0.53445,0.30239,1.69098,0.32114,1.00661,0.51520,1.38705,0.45839,0.39304,0.60382,1.33209,1.85929,0.18879,0.90501,1.32502,0.52688,0.30287,1.38942,1.34307,0.41057,0.38888,1.01562,1.84171,0.13343,0.61965,0.00527,2.10124,0.18401,0.17018,0.20456,1.37699,0.50686,0.52362,1.06170,2.16196,0.26896,1.47153,0.40235,0.86161,0.23265,0.15543,1.35709,0.78292,0.37487,0.14952,0.21871,1.58730,1.24716,0.26409,0.06070,1.15765,0.40422,1.03005,0.20198,0.63633,1.23218,0.51703
0.72869,0.27212,0.76531,0.00000,0.10752,0.92302,0.74638,0.44573,1.24108,0.79769,0.45197,0.45508,1.00383,0.33460,1.33030,0.14199,1.03604,0.57172,0.07494,0.11707,0.01822,0.79091,0.33497,0.60783,1.56457,0.80716,0.37768,0.09601,0.00000,0.00681,0.38367,0.86553,0.16876,0.83241,0.53144,0.43740,0.59668,0.66324,0.45477,0.01688,0.02635,1.10959,0.52270,0.33555,0.19072,1.20827,0.16696,0.75704,1.04780,0.63416,2.02998,0.21488,1.22732,0.30228,0.17295,0.10606,0.16075,1.42233,0.45853,0.55474
1.60405,1.72042,0.65635,0.96806,0.93931,1.63305,0.32774,0.01703,0.06825,0.64880,0.23415,0.42223,1.46285,1.21139,0.07577,0.22473,0.35665,1.29350,0.01995,0.89068,1.20179,1.11144,0.63058,0.40434,0.97217,0.79010,0.12928,0.93221,0.79751,0.92569,0.90455,0.43648,1.10152,1.14697,0.45574,0.57500,1.94163,0.68529,1.06290,0.15861,0.02552,0.32418,0.14731,0.70521,0.14882,0.83858,0.58684,0.54264,0.66495,1.04429,1.54152,0.15816,0.22787,0.06745,0.74169,0.05983,0.11738,0.95051,0.46119,0.33968
0.01782,0.88422,1.62345,0.77758,0.08533,0.42926,0.33802,0.01711,0.33199,1.18034,0.10657,0.58405,1.75394,0.40927,0.11808,1.17385,0.37023,1.79481,0.01268,0.22970,0.21103,0.95538,0.40158,0.24879,1.08254,0.33932,0.75825,0.12777,0.00000,0.55933,0.30356,0.17291,0.40311,0.20695,0.23556,0.18059,0.26551,1.93873,1.55680,1.18613,0.96597,0.78194,0.51461,0.00367,0.10147,0.82038,0.88553,0.18552,1.47041,1.14674,0.02206,0.64068,0.06731,1.07913,0.91860,0.40342,0.08830,0.41848,0.62576,0.18409
0.03672,0.44529,0.80559,0.34912,0.02257,1.89913,0.35260,0.67174,0.01424,0.78096,1.13983,0.46757,1.10131,1.52243,2.08174,0.10812,0.34103,0.24934,0.01170,0.17755,0.01944,0.94149,0.24254,0.15215,0.19150,0.31088,1.49228,0.79082,1.42424,0.37637,0.53887,0.02626,0.16357,1.74723,0.88359,0.91115,0.75795,0.54356,2.18174,0.39114,1.45715,0.21590,0.57842,1.21746,0.63913,1.34758,0.43930,0.71029,0.21725,1.72214,1.30749,0.04499,0.14385,0.24819,0.17123,0.03042,0.13439,1.43876,0.50607,0.15931
1.20783,0.36129,1.50602,0.29284,0.65794,0.01041,0.46900,1.04492,1.60635,1.20098,0.15460,0.50908,0.20255,1.60364,0.14211,0.34396,0.30312,0.63477,0.70932,0.45261,0.14672,1.01573,0.69893,1.02472,1.66995,0.20830,1.25434,0.48543,0.04739,1.22598,0.39624,1.05987,0.93930,1.00636,0.47247,0.17144,0.80786,1.33733,0.94410,0.48944,0.03727,1.52055,0.01045,0.63712,0.00962,0.85011,0.50790,0.50210,1.16645,0.17877,0.03733,0.04484,0.96381,1.29213,0.28978,0.02575,1.04913,1.23602,0.44228,1.36774
2.03433,2.17741,1.70513,0.23127,0.00862,0.99204,0.31809,0.03482,0.49237,1.33883,0.73830,0.50119,0.93947,0.85939,1.83086,0.54431,0.25255,1.61372,1.85162,0.41423,1.54450,0.99926,0.44861,0.63912,0.12265,2.32665,2.16257,0.18794,0.72563,1.37439,0.82381,0.46500,0.12002,0.53639,0.52004,0.88839,0.23722,0.38042,0.54652,0.35766,0.81347,1.63296,0.39317,0.13322,0.12755,1.14506,0.51384,0.38738,1.44047,0.22044,1.01583,0.87795,0.80211,1.78562,0.05321,1.49897,0.42075,0.17929,0.24191,0.39714
1.61123,0.28209,0.69742,0.28735,0.99889,1.08936,1.20489,0.46795,0.30276,0.82032,0.44380,0.41636,1.76934,0.29144,0.47259,0.00000,0.18816,0.33369,0.43237,0.91732,0.44304,0.95417,0.10470,0.39157,1.54359,1.49124,0.79439,0.10793,0.40196,1.03564,0.12890,0.23480,0.05553,1.33715,0.42468,0.40205,0.29579,0.28293,0.25306,0.29464,0.33729,0.52978,0.93913,0.24052,0.65219,0.48271,0.50842,0.55089,0.45070,2.23425,1.81104,1.28267,0.20723,0.20450,0.92990,0.78580,0.67875,1.83651,0.16622,0.50675
0.50142,2.01052,0.36921,0.09186,0.00000,0.01090,0.50039,0.01716,0.25126,0.58433,0.51915,0.20460,0.17622,1.51440,0.80487,0.00000,0.66530,0.40134,0.38998,0.33253,0.40720,0.93670,0.85122,0.30590,0.05832,0.39021,0.74954,0.03043,0.41166,1.32725,0.17466,0.15966,0.02744,1.10570,0.58822,0.23741,2.84927,1.08684,1.25334,0.22264,0.27239,2.18042,1.19149,0.31539,1.74009,1.39841,0.42061,0.48581,0.13452,0.24300,0.45864,0.13379,0.13419,0.52443,0.14510,0.17929,0.85204,1.04364,1.16560,0.51833
1.33988,0.06946,0.18730,0.01340,0.00000,1.95552,0.50314,1.07977,0.19485,1.50952,0.35587,0.83149,0.14324,1.09689,1.11678,1.41788,0.48660,0.66391,0.36371,0.26299,0.38638,0.65116,0.40610,0.72588,1.58458,0.21047,0.18139,1.32327,0.38934,1.42162,0.00782,0.30430,0.67156,0.93763,0.49427,0.16835,0.94996,0.38608,1.28517,0.85845,0.19683,0.05239,0.10350,0.97748,0.49973,0.20273,0.65355,0.44407,0.43152,0.47557,1.54949,0.67415,0.93117,2.40989,1.07836,0.67802,0.37115,0.43855,0.61867,0.52791
0.59481,1.25210,0.78053,0.61004,1.34290,1.29619,0.46196,0.35698,0.60677,0.57772,0.12820,0.42661,0.39476,1.12679,0.60881,0.36608,0.43668,0.15723,0.33877,0.36536,0.36078,1.18294,0.24596,0.40948,0.03118,0.57379,0.23740,0.01681,0.33470,0.07703,0.94608,0.01283,1.44251,0.87748,0.50686,1.23017,0.06687,0.38155,0.56676,0.32210,0.57192,0.53544,0.85199,0.40338,0.30245,1.78447,0.47675,0.45081,2.62620,1.30092,1.03218,0.19603,0.12939,1.01553,0.81516,0.30975,0.98581,1.22249,0.47669,0.48497
0.12913,0.41718,1.66994,1.38450,0.36689,0.01071,0.40028,0.49117,0.04227,1.42342,0.96561,0.52600,1.65085,0.32824,1.71506,0.29797,0.20013,2.93255,0.28640,0.42566,0.33456,1.09685,0.08825,0.57663,0.34470,1.50497,0.22688,0.87895,0.26878,0.07261,1.07262,1.36985,0.52467,0.75535,0.39768,0.44380,0.42262,1.36692,0.19789,0.26805,0.69999,1.49080,0.56013,0.36505,0.24927,0.97085,0.31037,0.61816,0.59253,1.00420,0.55664,0.66967,0.05412,0.10608,0.09723,0.22571,0.02675,0.16922,0.46137,0.37857
0.11532,0.63531,1.71541,0.14765,0.40917,0.83479,0.32436,0.30817,0.18550,0.72116,0.41475,0.40838,0.21636,0.36517,1.12032,0.35177,0.58513,0.01772,1.14244,0.02289,0.29857,0.94039,1.03002,0.49525,0.88291,0.90530,1.24606,0.21617,0.37788,2.20261,0.49512,0.03390,0.10576,1.38340,0.66736,0.50061,0.08177,0.31731,0.93194,0.67940,0.48951,0.02166,0.37260,0.28385,0.18062,0.99603,0.73359,0.34912,0.26227,1.54867,0.57838,0.44149,1.08541,1.71621,0.84330,0.13509,0.90433,2.20402,0.43380,0.68431
0.73995,1.22065,0.39343,0.09660,0.41411,1.48839,0.36441,0.22601,0.74908,0.27327,0.29582,0.23732,2.05982,1.49368,0.15514,0.37379,0.08233,0.48530,0.29308,1.15300,0.76983,0.93755,0.38964,0.46417,1.16314,1.85719,1.53802,0.12232,0.09765,0.05293,0.32144,0.78860,0.05552,0.98370,0.26599,0.18855,0.84734,1.24344,0.11857,0.11945,0.21583,0.00866,0.39122,0.19599,1.12468,1.00736,0.53911,0.18905,0.38426,0.25254,0.64340,0.43233,0.39591,0.14240,0.50414,0.97524,0.27364,0.65493,0.71210,0.20065
1.20915,1.12943,0.43727,0.79652,0.37192,1.07048,0.14748,0.13194,1.36042,0.69886,0.73401,0.83575,1.18251,0.24500,0.68016,0.65396,0.51494,0.01030,0.20697,0.43335,0.91017,0.71873,0.48973,0.36372,0.95475,0.13488,0.13639,0.49632,0.00307,1.67321,0.25669,0.02018,0.44316,0.52621,0.69929,0.91875,1.73782,1.90756,1.78086,0.78282,0.44265,0.65540,0.28056,0.09408,0.13083,0.53272,0.32139,0.73085,2.36890,0.20370,0.06553,0.44666,0.40551,0.13170,0.37732,0.38267,0.52531,0.72735,0.49692,0.80392
0.05027,0.39284,1.89111,0.02774,0.29302,1.17675,1.26989,0.02260,0.29039,2.15718,0.34444,0.31206,0.00811,0.19281,0.24798,0.00000,0.48672,2.57330,0.10235,0.22442,0.49553,1.21805,0.44181,0.14322,1.51616,0.64171,1.96032,0.94616,0.00000,0.02785,0.31593,0.85438,1.25014,0.86564,0.34151,0.39205,1.57049,0.95826,0.00748,0.32820,0.02751,2.48036,0.18939,0.64584,0.02743,1.47856,0.47324,0.60309,0.22526,0.43151,1.80897,0.40829,0.32926,1.64082,0.30459,0.30642,0.57884,1.61769,0.52639,0.44546
1.12539,1.20926,0.20485,0.59199,0.20558,0.14501,0.50056,0.17110,0.68784,0.36683,0.62356,0.14718,2.12926,0.66174,0.03435,0.82474,0.38374,0.05237,1.21630,0.12072,0.50833,0.91528,0.24613,1.03870,1.56937,1.29443,0.20129,0.31826,1.49607,0.23097,1.07579,0.20028,0.54381,1.49875,0.64398,0.62717,0.57521,0.17990,1.02838,0.22610,0.98455,1.64435,0.99688,0.89912,0.15640,1.04692,0.76017,0.30361,0.18284,0.05326,0.87461,0.50911,0.62888,0.14456,0.83995,0.60019,0.10617,0.72246,0.24096,0.45724
1.67835,1.82371,1.42165,0.77399,0.82200,0.14847,0.38925,1.51225,0.27468,1.25986,0.26582,0.94202,0.44811,1.75278,1.04745,0.10564,0.37574,2.23507,0.54882,0.02796,0.48998,0.99359,0.08793,0.43452,0.92560,0.39465,1.88515,0.34387,0.58938,1.64315,0.11863,0.57021,0.13264,1.05786,0.41375,0.53557,1.73798,0.41428,0.85341,0.12040,0.01817,0.96436,0.01276,0.36177,0.14780,0.72365,0.49921,0.60086,1.65160,1.89158,1.76894,0.35830,0.30811,1.99017,0.29609,0.23172,0.90532,1.23737,0.87994,0.59585
2.19656,0.46063,0.30257,0.36819,0.03037,1.45615,0.25374,0.18944,0.19396,1.19134,0.68599,0.42091,0.22915,0.75701,1.86515,0.38780,0.36309,0.33151,0.56085,0.01923,0.44061,0.96194,1.07397,0.46687,0.35315,0.18784,0.28798,0.08563,0.01863,1.06994,0.09602,0.53221,0.41009,0.32331,0.18042,0.39477,0.00945,1.22965,1.15871,1.05517,0.84135,0.67093,0.62749,0.50145,1.75451,0.94433,0.45980,0.34435,0.60699,2.32283,0.49968,0.19524,0.19936,0.52720,0.20873,0.11860,0.22684,0.20557,0.48384,0.22576
0.53132,0.79137,1.09392,0.41883,0.01914,0.51842,0.37276,0.65370,0.96895,0.97910,0.46057,0.35412,0.61990,2.04519,1.97986,0.00000,0.42496,1.37299,0.02308,1.67096,0.36002,0.72916,0.20337,0.18799,0.40341,0.12918,0.92253,0.70973,0.00367,1.76451,1.23704,0.19658,0.88491,1.44928,0.80020,0.66912,1.89262,1.12253,2.24600,0.05063,0.21710,0.04837,1.03620,0.37027,0.46354,1.44562,0.23287,0.60497,0.39642,0.97519,1.26928,0.76732,0.06696,1.56020,0.98022,0.27888,0.75007,1.85931,0.27985,0.79475
0.04050,0.11338,0.38767,0.44931,0.27960,0.21044,0.01850,0.35709,0.52103,0.95535,0.22336,0.55896,1.03639,0.01009,0.24449,1.12316,0.41587,0.10952,0.96623,0.16730,0.68769,1.16315,0.63420,0.88116,0.37283,1.42823,1.37341,0.01670,1.12184,0.79297,0.18622,0.07464,0.54602,0.44219,0.47853,0.19736,0.06078,1.52938,0.55962,0.23122,0.64794,0.34380,0.36217,0.28548,0.50140,0.91010,0.41210,0.23874,0.23150,0.01175,0.24208,0.10579,1.11439,0.00728,0.53509,0.67742,0.22526,0.83722,0.85622,0.49074
0.89616,2.17888,0.76819,0.44131,1.31314,0.81834,1.43020,0.28184,0.30306,1.06054,0.72223,0.54183,0.77964,1.52125,0.60803,0.04424,0.42073,0.07403,0.36488,0.62923,0.55115,0.14823,0.35778,0.31139,0.32224,1.09365,1.33071,0.59858,0.42468,1.09839,0.79134,0.99721,0.35484,1.61473,0.48214,0.90377,1.36277,1.33672,0.00789,0.96587,0.39859,0.98552,0.63641,0.62437,0.28858,0.93715,0.97151,0.69990,2.47045,0.90475,1.15768,0.80237,0.44749,1.42691,0.32887,0.72641,0.70321,0.84245,0.29045,0.49561
1.10383,0.19015,0.61274,0.43051,0.05172,0.21585,0.40341,0.12778,0.58386,0.79150,0.51456,0.24486,2.03121,1.03838,1.51342,0.76404,0.41540,0.84661,0.28793,0.47575,0.02914,1.69272,0.11436,0.61115,2.06594,0.84857,1.01679,0.92753,0.26343,0.03175,0.05568,0.33393,0.29132,0.98179,0.44714,0.38920,0.65609,0.59080,1.12785,0.43100,0.30766,1.32580,0.22849,0.08116,0.21656,1.19019,0.45994,0.45579,0.63334,1.36018,0.01972,0.30701,0.28975,0.19004,0.24329,0.40882,0.06044,1.18365,0.75874,0.32004
1.44819,0.23025,0.70908,0.39585,0.75506,1.77019,0.31335,0.84812,0.59812,0.60494,0.42426,0.67764,1.12533,0.96631,1.20186,0.23254,0.40674,2.20634,0.20079,0.47722,0.02182,0.97372,0.82064,0.44425,0.17280,1.01122,1.00311,0.40673,0.13259,1.77665,0.02002,0.53281,0.67825,0.60497,0.55382,0.44183,1.58764,0.21053,1.07005,0.44909,0.17960,0.62351,0.55809,0.72696,0.92593,1.02826,0.50366,0.38425,0.95953,0.24217,1.52961,0.18256,0.15662,0.24246,0.14686,0.13168,0.47813,1.15201,0.51989,0.54354
1.32382,0.81757,1.53744,0.49721,0.44024,2.43245,0.20856,0.37520,0.34765,1.43393,0.51249,0.47232,0.80007,1.19710,0.01238,0.54889,0.30235,1.13159,0.10792,0.41464,0.74897,0.66795,0.38817,0.52976,1.00417,2.25251,0.93401,0.33705,0.02067,0.05974,1.35822,0.06671,0.66692,1.30656,0.48971,0.73765,0.71486,0.17295,1.31291,0.06623,0.03560,0.00659,0.04076,0.48584,0.44178,0.93581,0.25633,0.12866,0.09933,0.46917,1.53200,0.05887,0.05945,0.88125,0.04068,0.02690,0.90910,0.51497,0.56007,0.74060
0.89657,1.60080,1.13014,0.23029,0.27111,0.86750,0.86766,0.01332,0.68269,1.07268,0.16754,0.34546,0.03483,0.42089,0.01322,0.41501,0.15470,0.43844,0.99374,0.19896,1.11931,0.26039,0.40051,0.44513,0.31383,0.63280,0.22060,0.21355,0.73777,0.86232,0.08582,0.51680,0.30139,0.52080,0.40612,0.48203,0.03773,0.73654,1.27711,0.81936,0.01309,2.32986,1.18954,0.41137,0.28000,0.16532,0.13575,0.92397,1.37755,2.16913,0.00596,0.20666,0.04636,2.10712,1.17923,1.07587,0.49874,0.59575,0.52231,0.44509
0.05430,0.12207,0.15587,0.08325,0.63899,0.82403,0.31834,0.53882,0.36906,0.98383,0.87265,0.16114,0.01011,0.23863,1.75643,0.18324,0.60357,0.00855,0.00416,0.09998,0.35477,1.55723,0.54674,0.58855,2.75848,0.03010,0.19655,0.07034,0.90942,1.44991,0.83798,0.71708,0.29608,1.45081,0.57045,0.51599,1.57923,1.98075,0.00850,0.12060,1.59606,0.12833,0.19898,0.34934,0.00834,2.01387,1.16944,0.19906,1.80304,1.13028,1.70044,1.38243,1.56027,0.00830,0.17906,0.41261,0.48307,1.79922,0.30827,0.47036
1.50843,0.44887,0.82769,0.95407,0.33440,0.31736,0.82090,0.72915,0.25439,1.00220,0.42194,0.96455,2.28556,0.83656,1.78898,0.69324,0.57588,1.57788,1.21391,0.02312,0.36163,1.17828,0.39983,0.23784,0.48727,0.57504,0.56103,0.28272,0.39616,0.87041,0.25318,0.35971,0.33195,0.96788,0.54172,0.31029,0.08422,1.53755,1.23190,0.75572,0.27511,0.00667,0.12279,0.57830,1.15423,0.98043,0.40675,0.67785,0.88429,0.00507,1.08655,0.42544,0.43916,1.40299,1.29102,0.10015,0.43909,0.52607,0.57800,0.58735
0.36255,2.77241,2.06732,0.10580,0.19554,1.37933,0.19732,0.39712,0.85427,0.95143,0.50631,0.38475,1.29249,1.06191,0.08583,0.39009,0.01141,1.64998,0.64985,0.51769,0.16899,0.96633,0.24421,0.78735,0.17250,0.99768,1.11998,1.20419,0.30887,0.88370,0.83879,0.24344,0.15424,0.90046,0.48656,0.85429,1.73922,0.06509,0.92263,0.46700,0.23246,1.77243,0.34423,0.36783,0.12023,0.78797,0.59969,0.30014,0.54380,1.40212,0.68697,0.36918,0.40926,0.00882,0.09302,0.72945,0.33918,1.45114,0.76947,0.51957
0.01246,0.12898,0.99195,0.75607,0.52249,0.89969,0.73949,0.43635,0.08372,0.62790,0.51179,0.46781,0.45276,0.57806,0.01672,0.41078,0.82130,0.01051,0.10247,1.31888,0.89929,0.64337,0.69314,0.30587,0.74519,0.35557,0.57794,0.18568,0.16572,0.76390,0.36669,0.10696,1.28301,0.89801,0.50982,0.30654,0.06649,0.43969,0.00943,0.35800,0.74807,2.07570,1.26574,0.21127,0.84547,0.87455,0.34698,0.58186,0.21599,0.70805,0.00967,0.49610,0.17959,1.76955,0.93493,0.02350,0.71522,0.33329,0.46863,0.32869
1.76537,0.08910,0.83558,0.09540,0.02322,0.87327,0.50074,0.38560,0.52776,1.33232,0.50773,0.48634,0.01178,0.43143,0.01768,0.54574,0.12073,0.01120,0.84145,0.32790,0.57569,1.21839,0.39708,0.65598,1.85044,1.42836,2.00364,0.03925,0.01050,0.05766,0.27434,0.53380,0.49476,1.01958,0.35018,0.70736,0.01230,0.03778,0.48413,0.20797,0.43054,0.23723,0.23447,0.59633,0.46064,0.28996,0.15152,0.46266,0.40458,0.00496,0.44893,0.29789,0.03464,1.11885,0.18849,0.78719,0.35520,1.56038,0.30881,0.74674
0.01352,0.34259,0.03405,0.55314,1.13196,0.35871,0.15989,0.22833,0.56264,1.03839,0.40182,0.48840,1.11582,0.21615,2.48582,0.30383,0.72434,1.00112,0.34591,0.17838,0.51330,0.34911,0.38307,0.49968,1.25469,0.22705,0.78730,1.06024,0.98080,1.39078,0.16156,0.13680,0.50147,1.05827,0.70021,0.51842,2.35761,1.04891,1.62803,0.52449,0.07342,0.08659,0.77227,0.59098,0.52980,2.11525,1.01279,0.48783,1.17548,1.76556,0.56200,0.50528,1.08266,1.46124,0.34565,0.42872,0.24320,1.06248,0.79998,0.49335
0.52586,0.35330,0.18076,0.66634,0.34723,0.32664,0.65073,0.68427,0.75911,0.13013,0.63093,0.47155,1.81623,0.50674,0.86096,0.14140,0.30107,1.19905,0.67951,0.02370,0.01530,1.46822,0.53003,0.51697,0.38242,1.40140,0.01270,0.44759,0.64474,0.04567,0.02935,1.15389,0.51927,0.96439,0.17209,0.51700,0.01066,1.29785,1.21167,0.72384,0.77327,0.95489,0.38985,0.14946,0.30699,0.93159,0.43488,0.41199,0.51392,1.16332,1.63231,0.54314,0.04340,0.36984,0.84211,0.44246,0.37772,0.70016,0.39064,0.53147
0.53301,2.25728,2.30306,0.35506,0.23651,0.28259,0.67244,0.16468,0.02905,1.82850,0.24411,0.50202,0.22797,1.91705,1.58899,0.02611,0.28657,0.71341,0.54867,1.14799,1.04990,0.96732,0.37795,0.37450,0.00674,1.28622,1.18173,0.37040,0.40165,0.17241,1.04118,0.40301,0.44707,0.94595,0.79479,0.51298,0.56225,1.65228,0.01159,0.19951,0.46999,0.50871,0.23977,0.04736,0.19375,1.12136,0.54546,0.36943,0.48197,0.41462,0.46612,0.39333,0.83568,0.05253,0.64616,0.40084,0.94550,1.25682,0.61589,0.40860
0.67802,0.68463,0.40039,0.53796,0.10562,0.21978,0.01768,0.70654,0.93955,0.94231,0.75954,0.38975,0.34677,1.68165,0.02213,1.12793,0.71415,1.33221,0.46885,0.44341,0.02155,0.43483,0.50577,0.56892,0.13513,0.26092,0.56787,0.56621,0.36893,0.15873,1.05407,0.18957,0.35342,0.90390,0.41078,0.58540,0.01300,0.36006,1.21528,0.08463,0.42187,2.33729,0.12239,0.93462,0.06365,0.88353,0.44877,0.65478,1.26184,0.00490,0.67731,0.44738,0.39968,0.03741,0.43529,0.27611,0.15511,0.93044,0.51513,0.69345
2.31042,0.82441,1.52140,0.49796,1.03939,1.64215,0.96561,0.32316,0.49650,0.72798,0.37302,0.58322,0.33566,0.01845,0.17773,0.57719,0.26544,0.65413,0.37804,0.46106,0.92458,1.39615,0.48711,0.61743,0.79407,0.11114,1.22915,0.44526,0.21226,1.91085,0.46453,0.42996,0.23948,0.13949,0.50783,0.41305,2.24613,1.46519,1.25622,0.10068,0.38526,0.10998,0.95256,0.56030,1.15668,1.16937,0.17933,0.39050,2.32176,0.66414,2.11058,0.49104,0.26058,1.08498,0.35832,0.10456,0.19799,1.01785,0.47878,0.34468
1.06562,1.40455,1.11075,0.38774,0.46900,0.04824,0.54128,0.18187,0.28815,1.29123,0.60828,0.30916,2.26697,2.08680,0.10464,0.25392,0.60512,0.68659,0.41392,0.36250,0.46017,0.99403,0.44544,0.33962,1.35109,0.99684,0.97304,0.37246,0.17222,2.13219,0.62138,0.71702,0.89702,1.83534,0.52376,0.62828,0.01623,0.72722,0.01402,1.34622,0.52777,0.48889,0.79089,0.44952,0.21060,1.07393,0.91132,0.39661,0.01794,1.09728,0.45487,0.18596,0.08718,0.02723,0.30584,0.48307,0.34029,1.07301,0.58843,0.69241
0.58773,0.03712,0.05982,0.23917,0.45390,1.35206,0.50244,0.78320,0.78198,0.62255,0.49889,0.61874,0.80165,0.65659,0.60221,0.08041,0.19910,1.66120,0.12004,0.18892,0.36101,0.85094,0.49900,0.65985,0.00787,1.80289,1.28696,0.59940,1.00241,0.01425,0.35308,0.40943,0.57055,0.93095,0.48646,0.47269,1.56806,0.01062,0.48352,0.29302,0.18730,0.10735,0.33283,0.31560,0.96212,1.01670,0.44668,0.61697,1.00858,0.00488,0.73149,0.73189,0.98724,0.51929,0.14263,0.93001,1.22812,0.91376,0.51465,0.48882
0.05549,1.41169,0.08901,0.56008,0.25442,0.02340,0.40337,0.27695,0.42217,1.26052,0.48798,0.43533,0.08747,0.02526,0.96528,1.01079,0.03579,1.02154,0.00361,0.02700,0.70097,0.88914,0.51216,0.48521,2.11086,0.01350,0.58859,0.19187,0.12486,0.01551,0.23323,0.24503,0.08769,1.02237,0.52115,0.56761,0.80090,1.04900,1.86149,0.12076,0.04564,1.05346,0.01177,0.13820,0.48513,0.37472,0.55210,0.44540,1.03355,1.17448,0.02341,0.06123,0.20713,1.74700,0.01651,0.28127,0.39881,1.04149,0.54016,0.31739
0.75113,1.45730,0.29956,0.56711,0.03931,2.45641,0.65219,0.04433,0.30080,0.98263,0.53594,0.47226,0.24839,1.12862,1.35803,0.13832,0.55545,0.02619,1.55150,0.51490,0.19577,1.12961,0.47086,0.53634,1.34086,0.76821,0.01822,0.58692,0.03692,1.51026,0.41259,0.13109,0.04238,0.95023,0.52340,0.38724,0.24693,0.01440,0.01819,0.89917,0.03036,0.04051,1.17157,0.01336,0.23288,1.28188,0.54881,0.47729,0.02996,1.00821,1.00325,0.77026,0.02776,1.45812,1.05152,0.13089,0.20489,1.05101,0.46948,0.75229
0.11085,0.03963,0.89015,0.03369,0.04250,0.32663,0.54951,0.01892,0.16184,0.96576,0.51105,0.48100,1.26898,0.03638,1.59728,0.04646,0.04185,0.43212,0.34894,0.00322,0.05068,0.95249,0.49339,0.54059,0.00964,1.52996,0.02265,0.03186,0.11769,0.01881,0.19787,0.07235,0.01563,1.04031,0.51031,0.60367,0.02784,1.39482,0.82695,0.01898,0.02450,0.47904,0.12418,0.33714,0.13643,1.44727,0.30356,0.52594,0.06045,0.00500,1.11439,0.00964,0.06004,0.78115,1.20328,0.03018,0.90875,1.05909,0.58569,0.49939
1.56229,0.81277,1.15903,0.03577,0.04631,0.83316,0.28164,0.01837,0.25600,0.56145,0.53703,0.50620,1.16014,0.62872,0.61301,0.12571,0.04574,0.48709,0.23858,0.16820,0.12585,0.52351,0.47623,0.54424,0.59327,1.47856,1.13587,0.03332,0.03359,0.75944,0.01449,0.01364,0.72086,0.15285,0.44611,0.51008,1.66324,2.12302,1.17783,0.01889,0.43145,1.50578,0.56070,0.01479,0.02383,0.92062,0.74644,0.51113,0.50803,1.06691,0.55510,0.00563,0.00791,0.01963,0.20136,0.01655,0.18137,0.44416,0.54035,0.53909
0.10655,0.82119,0.11299,0.03821,0.05094,0.94794,0.02991,0.04725,0.66350,1.32091,0.57756,0.56588,0.41788,0.41583,1.43997,0.04826,0.05044,0.89493,0.10928,0.00175,0.90867,1.38414,0.56413,0.54362,1.51037,0.72820,0.92193,0.03512,0.03530,1.23359,0.01550,0.01452,0.82831,1.82391,0.65608,0.53722,0.17853,0.03391,0.02606,0.01880,0.02059,1.87925,0.57341,0.01571,0.89385,1.12431,0.50949,0.53712,0.88483,1.12251,1.04338,0.00391,0.00544,1.10603,0.43081,0.01595,0.07433,1.56972,0.49354,0.42507
0.98595,0.13712,1.30995,0.04139,0.05665,1.03667,0.39336,0.01856,0.01473,0.93891,0.36331,0.37828,0.05641,1.42984,0.04504,0.05409,0.05623,1.19440,0.01393,0.00091,0.01014,0.91411,0.18806,0.30691,0.05635,0.97514,0.78605,0.03736,0.03790,1.41469,1.33515,0.01562,0.01490,0.98087,0.21796,0.26766,1.13741,0.27074,1.55314,0.01903,0.02049,0.07800,0.01504,0.01685,0.01612,1.01953,0.19509,0.24486,1.44752,1.69603,0.06689,0.00220,0.00331,1.04235,0.01615,0.01709,0.02853,1.04253,0.49841,0.57896
0.67628,1.27263,0.57446,0.04532,0.06389,0.14107,0.02085,0.01881,0.01506,0.98354,0.10880,0.28150,1.06950,1.72698,0.83335,0.06153,0.06355,0.97855,0.25448,0.00000,0.01048,0.95688,0.16498,0.10020,0.14517,0.05903,0.06061,0.04037,0.04149,0.03173,0.01828,0.01700,0.01634,0.90504,0.09505,0.09537,0.35737,0.10240,0.03571,0.01970,0.02041,0.31977,0.01647,0.01829,0.01762,1.00193,0.09534,0.09598,0.98290,0.57709,0.60617,0.00036,0.00066,1.25616,0.01765,0.01852,0.07306,1.06540,0.09517,0.09539
0.88634,0.26263,2.12061,0.05067,0.07332,0.16579,0.01710,0.01925,0.01560,0.76488,0.09439,0.09426,1.27595,0.78449,0.07672,0.07130,0.07305,0.12851,0.08742,0.00000,0.01095,1.02966,0.09424,0.09453,0.84416,0.15529,0.90738,0.04571,0.04708,1.56670,0.02024,0.01882,0.01822,1.12543,0.09435,0.09466,2.17662,1.65617,1.22443,0.02116,0.02125,1.09530,0.01834,0.02015,0.01957,1.05001,0.09463,0.09525,0.03805,0.12050,0.53089,0.00000,0.00000,0.98880,0.01961,0.02039,0.01969,0.53407,0.09446,0.09469
0.81355,1.66451,0.86861,0.05779,0.08603,1.47089,0.01785,0.02002,0.01649,1.23833,0.09344,0.09330,0.52826,0.07396,0.85877,0.08459,0.08584,0.25685,0.01640,0.00000,0.01165,0.83359,0.09327,0.09356,0.78420,0.58387,0.70069,0.05343,0.05479,0.04601,0.02286,0.02128,0.02078,1.02077,0.09340,0.09370,0.26345,0.51398,0.33535,0.02358,0.02323,0.20406,0.02092,0.02265,0.02221,0.51102,0.09366,0.09427,1.02847,0.37477,1.44765,0.00000,0.00000,0.04522,0.02225,0.02292,0.02233,1.54172,0.09350,0.09374
0.84616,0.12940,0.21587,0.06778,0.10396,0.26106,0.01905,0.02136,0.01801,1.02093,0.09209,0.09194,0.61037,0.34473,0.64274,0.10353,0.10382,0.83178,0.02004,0.00000,0.01271,1.14269,0.09189,0.09220,0.98867,0.85969,1.59341,0.06451,0.06583,1.00571,0.02654,0.02482,0.02448,1.10133,0.09205,0.09235,0.25479,0.33206,0.58057,0.02698,0.02683,0.86672,0.02463,0.02621,0.02597,1.54110,0.09230,0.09290,1.43809,1.30901,0.54754,0.00000,0.00000,0.13381,0.02604,0.02652,0.02611,0.97444,0.09214,0.09239
1.21236,1.05560,0.51379,0.08277,0.13066,0.95929,0.02182,0.02380,0.02074,0.27604,0.09006,0.08986,0.73097,1.38198,1.13534,0.13280,0.13052,1.66169,0.02583,0.00000,0.01446,0.13593,0.08981,0.09012,1.02442,1.74266,0.20245,0.08157,0.08279,0.23148,0.03212,0.03027,0.03020,0.26636,0.08999,0.09028,0.85785,0.96080,0.74094,0.03213,0.03238,0.79443,0.03043,0.03164,0.03176,0.20691,0.09023,0.09082,0.12954,0.78069,0.61585,0.00000,0.00000,1.02583,0.03187,0.03203,0.03194,0.23478,0.09007,0.09032
0.52497,0.66558,1.00069,0.10845,0.17280,0.77494,0.02701,0.02846,0.02593,0.21837,0.08654,0.08631,0.83281,0.44034,0.68779,0.17968,0.17250,0.02785,0.03612,0.00000,0.01771,0.08787,0.08625,0.08657,0.59173,0.06549,0.92600,0.11058,0.11159,0.84216,0.04158,0.03964,0.04014,0.17308,0.08646,0.08675,1.11146,0.64819,0.93512,0.04176,0.04195,1.29938,0.04056,0.04089,0.04175,0.08765,0.08669,0.08729,0.89889,0.44930,0.87627,0.00000,0.00000,0.68534,0.04195,0.04148,0.04203,0.08738,0.08652,0.08680
0.95017,0.92584,1.00954,0.16033,0.15879,0.84086,0.03780,0.03698,0.03547,0.23448,0.07917,0.07891,0.78746,0.97921,0.99879,0.16834,0.15814,0.83334,0.05817,0.00000,0.02503,0.08102,0.07885,0.07919,0.89262,0.91562,0.97631,0.16744,0.16805,0.92052,0.06236,0.05896,0.06088,0.18853,0.07910,0.07941,0.56975,0.85845,0.88132,0.06168,0.06180,0.35952,0.06186,0.05981,0.06252,0.08084,0.07934,0.07996,0.89964,1.17793,0.87809,0.00000,0.00000,0.94250,0.06296,0.06090,0.06307,0.08027,0.07914,0.07947
0.57781,0.71361,0.75110,0.11265,0.11192,0.34945,0.04400,0.04440,0.04375,0.23208,0.05568,0.05554,0.58704,0.53570,0.78071,0.11919,0.11110,0.45269,0.11917,0.00000,0.04533,0.05718,0.05552,0.05591,0.67193,0.70402,0.66254,0.11826,0.11932,0.72164,0.11822,0.11222,0.11730,0.05980,0.05588,0.05621,0.63367,0.58757,0.77842,0.11790,0.11809,0.56914,0.11958,0.11159,0.11857,0.05716,0.05614,0.05683,0.51249,0.27135,0.35096,0.00000,0.00000,0.60376,0.11949,0.11393,0.11982,0.05692,0.05588,0.05629
0.00000,0.00000,0.00000,0.00000,0.00000,0.00000,0.00000,0.00000,0.00000,0.00000,0.00000,0.00000,0.00000,0.00000,0.00000,0.00000,0.00000,0.00000,0.00000,0.00000,0.00000,0.00000,0.00000,0.00000,0.00000,0.00000,0.00000,0.00000,0.00000,0.00000,0.00000,0.00000,0.00000,0.00000,0.00000,0.00000,0.00000,0.00000,0.00000,0.00000,0.00000,0.00000,0.00000,0.00000,0.00000,0.00000,0.00000,0.00000,0.00000,0.00000,0.00000,0.00000,0.00000,0.00000,0.00000,0.00000,0.00000,0.00000,0.00000,0.00000
